Index,1,2,3,4,5,6,7,8,9,10,11,12,13,14,15,16,17,18,19,20,21,22,
Image,,,,,,,,,,,,,,,,,,,,,,,
Name,"striped bass 0","striped bass 2-5","striped bass 6+","menhaden 0","menhaden 1","menhaden 2","menhaden 3","menhaden 4","menhaden 5","menhaden 6+","spiny dogfish","bluefish juv","bluefish adult","weakfish juv","weakfish adult","Atlantic herring 0-1","Atlantic herring 2+",anchovies,benthos,zooplankton,phytoplankton,Detritus,
1985,0.0001882295,0.08935049,0.1737976,0.000243796,0.002944424,0.0124212,0.008469188,0.003741113,0.001580181,0.00066019,0.01893923,1.088567,0.2829107,0.01086975,0.222037,0.4516074,0.3950204,0,0,0,0,0,
February,0.0001882295,0.08935049,0.1737976,0.000243796,0.002944424,0.0124212,0.008469188,0.003741113,0.001580181,0.00066019,0.01893923,1.088567,0.2829107,0.01086975,0.222037,0.4516074,0.3950204,0,0,0,0,0,
March,0.0001882295,0.08935049,0.1737976,0.000243796,0.002944424,0.0124212,0.008469188,0.003741113,0.001580181,0.00066019,0.01893923,1.088567,0.2829107,0.01086975,0.222037,0.4516074,0.3950204,0,0,0,0,0,
April,0.0001882295,0.08935049,0.1737976,0.000243796,0.002944424,0.0124212,0.008469188,0.003741113,0.001580181,0.00066019,0.01893923,1.088567,0.2829107,0.01086975,0.222037,0.4516074,0.3950204,0,0,0,0,0,
May,0.0001882295,0.08935049,0.1737976,0.000243796,0.002944424,0.0124212,0.008469188,0.003741113,0.001580181,0.00066019,0.01893923,1.088567,0.2829107,0.01086975,0.222037,0.4516074,0.3950204,0,0,0,0,0,
June,0.0001882295,0.08935049,0.1737976,0.000243796,0.002944424,0.0124212,0.008469188,0.003741113,0.001580181,0.00066019,0.01893923,1.088567,0.2829107,0.01086975,0.222037,0.4516074,0.3950204,0,0,0,0,0,
July,0.0001882295,0.08935049,0.1737976,0.000243796,0.002944424,0.0124212,0.008469188,0.003741113,0.001580181,0.00066019,0.01893923,1.088567,0.2829107,0.01086975,0.222037,0.4516074,0.3950204,0,0,0,0,0,
August,0.0001882295,0.08935049,0.1737976,0.000243796,0.002944424,0.0124212,0.008469188,0.003741113,0.001580181,0.00066019,0.01893923,1.088567,0.2829107,0.01086975,0.222037,0.4516074,0.3950204,0,0,0,0,0,
September,0.0001882295,0.08935049,0.1737976,0.000243796,0.002944424,0.0124212,0.008469188,0.003741113,0.001580181,0.00066019,0.01893923,1.088567,0.2829107,0.01086975,0.222037,0.4516074,0.3950204,0,0,0,0,0,
October,0.0001882295,0.08935049,0.1737976,0.000243796,0.002944424,0.0124212,0.008469188,0.003741113,0.001580181,0.00066019,0.01893923,1.088567,0.2829107,0.01086975,0.222037,0.4516074,0.3950204,0,0,0,0,0,
November,0.0001882295,0.08935049,0.1737976,0.000243796,0.002944424,0.0124212,0.008469188,0.003741113,0.001580181,0.00066019,0.01893923,1.088567,0.2829107,0.01086975,0.222037,0.4516074,0.3950204,0,0,0,0,0,
December,0.0001882295,0.08935049,0.1737976,0.000243796,0.002944424,0.0124212,0.008469188,0.003741113,0.001580181,0.00066019,0.01893923,1.088567,0.2829107,0.01086975,0.222037,0.4516074,0.3950204,0,0,0,0,0,
1986,0.0001882295,0.0987844,0.1442665,0.000232324,0.002805874,0.01183672,0.008070671,0.003565075,0.001505825,0.000629124,0.01893923,1.083504,0.7180001,0.01705109,0.3276199,0.04967128,0.3360771,0,0,0,0,0,
February,0.0001882295,0.0987844,0.1442665,0.000232324,0.002805874,0.01183672,0.008070671,0.003565075,0.001505825,0.000629124,0.01893923,1.083504,0.7180001,0.01705109,0.3276199,0.04967128,0.3360771,0,0,0,0,0,
March,0.0001882295,0.0987844,0.1442665,0.000232324,0.002805874,0.01183672,0.008070671,0.003565075,0.001505825,0.000629124,0.01893923,1.083504,0.7180001,0.01705109,0.3276199,0.04967128,0.3360771,0,0,0,0,0,
April,0.0001882295,0.0987844,0.1442665,0.000232324,0.002805874,0.01183672,0.008070671,0.003565075,0.001505825,0.000629124,0.01893923,1.083504,0.7180001,0.01705109,0.3276199,0.04967128,0.3360771,0,0,0,0,0,
May,0.0001882295,0.0987844,0.1442665,0.000232324,0.002805874,0.01183672,0.008070671,0.003565075,0.001505825,0.000629124,0.01893923,1.083504,0.7180001,0.01705109,0.3276199,0.04967128,0.3360771,0,0,0,0,0,
June,0.0001882295,0.0987844,0.1442665,0.000232324,0.002805874,0.01183672,0.008070671,0.003565075,0.001505825,0.000629124,0.01893923,1.083504,0.7180001,0.01705109,0.3276199,0.04967128,0.3360771,0,0,0,0,0,
July,0.0001882295,0.0987844,0.1442665,0.000232324,0.002805874,0.01183672,0.008070671,0.003565075,0.001505825,0.000629124,0.01893923,1.083504,0.7180001,0.01705109,0.3276199,0.04967128,0.3360771,0,0,0,0,0,
August,0.0001882295,0.0987844,0.1442665,0.000232324,0.002805874,0.01183672,0.008070671,0.003565075,0.001505825,0.000629124,0.01893923,1.083504,0.7180001,0.01705109,0.3276199,0.04967128,0.3360771,0,0,0,0,0,
September,0.0001882295,0.0987844,0.1442665,0.000232324,0.002805874,0.01183672,0.008070671,0.003565075,0.001505825,0.000629124,0.01893923,1.083504,0.7180001,0.01705109,0.3276199,0.04967128,0.3360771,0,0,0,0,0,
October,0.0001882295,0.0987844,0.1442665,0.000232324,0.002805874,0.01183672,0.008070671,0.003565075,0.001505825,0.000629124,0.01893923,1.083504,0.7180001,0.01705109,0.3276199,0.04967128,0.3360771,0,0,0,0,0,
November,0.0001882295,0.0987844,0.1442665,0.000232324,0.002805874,0.01183672,0.008070671,0.003565075,0.001505825,0.000629124,0.01893923,1.083504,0.7180001,0.01705109,0.3276199,0.04967128,0.3360771,0,0,0,0,0,
December,0.0001882295,0.0987844,0.1442665,0.000232324,0.002805874,0.01183672,0.008070671,0.003565075,0.001505825,0.000629124,0.01893923,1.083504,0.7180001,0.01705109,0.3276199,0.04967128,0.3360771,0,0,0,0,0,
1987,0.0001882295,0.0665535,0.06589811,0.000216673,0.00261685,0.01103931,0.00752697,0.003324905,0.001404382,0.000586742,0.01893923,2.179142,0.7483844,0.02150407,0.263965,0.4621631,0.2620094,0,0,0,0,0,
February,0.0001882295,0.0665535,0.06589811,0.000216673,0.00261685,0.01103931,0.00752697,0.003324905,0.001404382,0.000586742,0.01893923,2.179142,0.7483844,0.02150407,0.263965,0.4621631,0.2620094,0,0,0,0,0,
March,0.0001882295,0.0665535,0.06589811,0.000216673,0.00261685,0.01103931,0.00752697,0.003324905,0.001404382,0.000586742,0.01893923,2.179142,0.7483844,0.02150407,0.263965,0.4621631,0.2620094,0,0,0,0,0,
April,0.0001882295,0.0665535,0.06589811,0.000216673,0.00261685,0.01103931,0.00752697,0.003324905,0.001404382,0.000586742,0.01893923,2.179142,0.7483844,0.02150407,0.263965,0.4621631,0.2620094,0,0,0,0,0,
May,0.0001882295,0.0665535,0.06589811,0.000216673,0.00261685,0.01103931,0.00752697,0.003324905,0.001404382,0.000586742,0.01893923,2.179142,0.7483844,0.02150407,0.263965,0.4621631,0.2620094,0,0,0,0,0,
June,0.0001882295,0.0665535,0.06589811,0.000216673,0.00261685,0.01103931,0.00752697,0.003324905,0.001404382,0.000586742,0.01893923,2.179142,0.7483844,0.02150407,0.263965,0.4621631,0.2620094,0,0,0,0,0,
July,0.0001882295,0.0665535,0.06589811,0.000216673,0.00261685,0.01103931,0.00752697,0.003324905,0.001404382,0.000586742,0.01893923,2.179142,0.7483844,0.02150407,0.263965,0.4621631,0.2620094,0,0,0,0,0,
August,0.0001882295,0.0665535,0.06589811,0.000216673,0.00261685,0.01103931,0.00752697,0.003324905,0.001404382,0.000586742,0.01893923,2.179142,0.7483844,0.02150407,0.263965,0.4621631,0.2620094,0,0,0,0,0,
September,0.0001882295,0.0665535,0.06589811,0.000216673,0.00261685,0.01103931,0.00752697,0.003324905,0.001404382,0.000586742,0.01893923,2.179142,0.7483844,0.02150407,0.263965,0.4621631,0.2620094,0,0,0,0,0,
October,0.0001882295,0.0665535,0.06589811,0.000216673,0.00261685,0.01103931,0.00752697,0.003324905,0.001404382,0.000586742,0.01893923,2.179142,0.7483844,0.02150407,0.263965,0.4621631,0.2620094,0,0,0,0,0,
November,0.0001882295,0.0665535,0.06589811,0.000216673,0.00261685,0.01103931,0.00752697,0.003324905,0.001404382,0.000586742,0.01893923,2.179142,0.7483844,0.02150407,0.263965,0.4621631,0.2620094,0,0,0,0,0,
December,0.0001882295,0.0665535,0.06589811,0.000216673,0.00261685,0.01103931,0.00752697,0.003324905,0.001404382,0.000586742,0.01893923,2.179142,0.7483844,0.02150407,0.263965,0.4621631,0.2620094,0,0,0,0,0,
1988,0.0001882295,0.03442877,0.1711593,0.000168159,0.002030922,0.008567551,0.00584164,0.002580441,0.001089933,0.000455367,0.01893923,0.5859821,0.7208907,0.02517006,0.536602,0.05371143,0.3091995,0,0,0,0,0,
February,0.0001882295,0.03442877,0.1711593,0.000168159,0.002030922,0.008567551,0.00584164,0.002580441,0.001089933,0.000455367,0.01893923,0.5859821,0.7208907,0.02517006,0.536602,0.05371143,0.3091995,0,0,0,0,0,
March,0.0001882295,0.03442877,0.1711593,0.000168159,0.002030922,0.008567551,0.00584164,0.002580441,0.001089933,0.000455367,0.01893923,0.5859821,0.7208907,0.02517006,0.536602,0.05371143,0.3091995,0,0,0,0,0,
April,0.0001882295,0.03442877,0.1711593,0.000168159,0.002030922,0.008567551,0.00584164,0.002580441,0.001089933,0.000455367,0.01893923,0.5859821,0.7208907,0.02517006,0.536602,0.05371143,0.3091995,0,0,0,0,0,
May,0.0001882295,0.03442877,0.1711593,0.000168159,0.002030922,0.008567551,0.00584164,0.002580441,0.001089933,0.000455367,0.01893923,0.5859821,0.7208907,0.02517006,0.536602,0.05371143,0.3091995,0,0,0,0,0,
June,0.0001882295,0.03442877,0.1711593,0.000168159,0.002030922,0.008567551,0.00584164,0.002580441,0.001089933,0.000455367,0.01893923,0.5859821,0.7208907,0.02517006,0.536602,0.05371143,0.3091995,0,0,0,0,0,
July,0.0001882295,0.03442877,0.1711593,0.000168159,0.002030922,0.008567551,0.00584164,0.002580441,0.001089933,0.000455367,0.01893923,0.5859821,0.7208907,0.02517006,0.536602,0.05371143,0.3091995,0,0,0,0,0,
August,0.0001882295,0.03442877,0.1711593,0.000168159,0.002030922,0.008567551,0.00584164,0.002580441,0.001089933,0.000455367,0.01893923,0.5859821,0.7208907,0.02517006,0.536602,0.05371143,0.3091995,0,0,0,0,0,
September,0.0001882295,0.03442877,0.1711593,0.000168159,0.002030922,0.008567551,0.00584164,0.002580441,0.001089933,0.000455367,0.01893923,0.5859821,0.7208907,0.02517006,0.536602,0.05371143,0.3091995,0,0,0,0,0,
October,0.0001882295,0.03442877,0.1711593,0.000168159,0.002030922,0.008567551,0.00584164,0.002580441,0.001089933,0.000455367,0.01893923,0.5859821,0.7208907,0.02517006,0.536602,0.05371143,0.3091995,0,0,0,0,0,
November,0.0001882295,0.03442877,0.1711593,0.000168159,0.002030922,0.008567551,0.00584164,0.002580441,0.001089933,0.000455367,0.01893923,0.5859821,0.7208907,0.02517006,0.536602,0.05371143,0.3091995,0,0,0,0,0,
December,0.0001882295,0.03442877,0.1711593,0.000168159,0.002030922,0.008567551,0.00584164,0.002580441,0.001089933,0.000455367,0.01893923,0.5859821,0.7208907,0.02517006,0.536602,0.05371143,0.3091995,0,0,0,0,0,
1989,0.0001882295,0.01877306,0.04373693,0.00035082,0.004237005,0.01787402,0.0121871,0.005383435,0.002273869,0.000950008,0.01893923,0.7547276,0.3753387,0.02955609,0.4064258,0.02058613,0.2674867,0,0,0,0,0,
February,0.0001882295,0.01877306,0.04373693,0.00035082,0.004237005,0.01787402,0.0121871,0.005383435,0.002273869,0.000950008,0.01893923,0.7547276,0.3753387,0.02955609,0.4064258,0.02058613,0.2674867,0,0,0,0,0,
March,0.0001882295,0.01877306,0.04373693,0.00035082,0.004237005,0.01787402,0.0121871,0.005383435,0.002273869,0.000950008,0.01893923,0.7547276,0.3753387,0.02955609,0.4064258,0.02058613,0.2674867,0,0,0,0,0,
April,0.0001882295,0.01877306,0.04373693,0.00035082,0.004237005,0.01787402,0.0121871,0.005383435,0.002273869,0.000950008,0.01893923,0.7547276,0.3753387,0.02955609,0.4064258,0.02058613,0.2674867,0,0,0,0,0,
May,0.0001882295,0.01877306,0.04373693,0.00035082,0.004237005,0.01787402,0.0121871,0.005383435,0.002273869,0.000950008,0.01893923,0.7547276,0.3753387,0.02955609,0.4064258,0.02058613,0.2674867,0,0,0,0,0,
June,0.0001882295,0.01877306,0.04373693,0.00035082,0.004237005,0.01787402,0.0121871,0.005383435,0.002273869,0.000950008,0.01893923,0.7547276,0.3753387,0.02955609,0.4064258,0.02058613,0.2674867,0,0,0,0,0,
July,0.0001882295,0.01877306,0.04373693,0.00035082,0.004237005,0.01787402,0.0121871,0.005383435,0.002273869,0.000950008,0.01893923,0.7547276,0.3753387,0.02955609,0.4064258,0.02058613,0.2674867,0,0,0,0,0,
August,0.0001882295,0.01877306,0.04373693,0.00035082,0.004237005,0.01787402,0.0121871,0.005383435,0.002273869,0.000950008,0.01893923,0.7547276,0.3753387,0.02955609,0.4064258,0.02058613,0.2674867,0,0,0,0,0,
September,0.0001882295,0.01877306,0.04373693,0.00035082,0.004237005,0.01787402,0.0121871,0.005383435,0.002273869,0.000950008,0.01893923,0.7547276,0.3753387,0.02955609,0.4064258,0.02058613,0.2674867,0,0,0,0,0,
October,0.0001882295,0.01877306,0.04373693,0.00035082,0.004237005,0.01787402,0.0121871,0.005383435,0.002273869,0.000950008,0.01893923,0.7547276,0.3753387,0.02955609,0.4064258,0.02058613,0.2674867,0,0,0,0,0,
November,0.0001882295,0.01877306,0.04373693,0.00035082,0.004237005,0.01787402,0.0121871,0.005383435,0.002273869,0.000950008,0.01893923,0.7547276,0.3753387,0.02955609,0.4064258,0.02058613,0.2674867,0,0,0,0,0,
December,0.0001882295,0.01877306,0.04373693,0.00035082,0.004237005,0.01787402,0.0121871,0.005383435,0.002273869,0.000950008,0.01893923,0.7547276,0.3753387,0.02955609,0.4064258,0.02058613,0.2674867,0,0,0,0,0,
1990,0.0001882295,0.009358025,0.02578593,0.004708009,0.05686058,0.2398693,0.1635508,0.07224567,0.03051531,0.0127491,0.01893923,0.436498,0.4395059,0.08295415,0.19066,0.008873817,0.2048837,0,0,0,0,0,
February,0.0001882295,0.009358025,0.02578593,0.004708009,0.05686058,0.2398693,0.1635508,0.07224567,0.03051531,0.0127491,0.01893923,0.436498,0.4395059,0.08295415,0.19066,0.008873817,0.2048837,0,0,0,0,0,
March,0.0001882295,0.009358025,0.02578593,0.004708009,0.05686058,0.2398693,0.1635508,0.07224567,0.03051531,0.0127491,0.01893923,0.436498,0.4395059,0.08295415,0.19066,0.008873817,0.2048837,0,0,0,0,0,
April,0.0001882295,0.009358025,0.02578593,0.004708009,0.05686058,0.2398693,0.1635508,0.07224567,0.03051531,0.0127491,0.01893923,0.436498,0.4395059,0.08295415,0.19066,0.008873817,0.2048837,0,0,0,0,0,
May,0.0001882295,0.009358025,0.02578593,0.004708009,0.05686058,0.2398693,0.1635508,0.07224567,0.03051531,0.0127491,0.01893923,0.436498,0.4395059,0.08295415,0.19066,0.008873817,0.2048837,0,0,0,0,0,
June,0.0001882295,0.009358025,0.02578593,0.004708009,0.05686058,0.2398693,0.1635508,0.07224567,0.03051531,0.0127491,0.01893923,0.436498,0.4395059,0.08295415,0.19066,0.008873817,0.2048837,0,0,0,0,0,
July,0.0001882295,0.009358025,0.02578593,0.004708009,0.05686058,0.2398693,0.1635508,0.07224567,0.03051531,0.0127491,0.01893923,0.436498,0.4395059,0.08295415,0.19066,0.008873817,0.2048837,0,0,0,0,0,
August,0.0001882295,0.009358025,0.02578593,0.004708009,0.05686058,0.2398693,0.1635508,0.07224567,0.03051531,0.0127491,0.01893923,0.436498,0.4395059,0.08295415,0.19066,0.008873817,0.2048837,0,0,0,0,0,
September,0.0001882295,0.009358025,0.02578593,0.004708009,0.05686058,0.2398693,0.1635508,0.07224567,0.03051531,0.0127491,0.01893923,0.436498,0.4395059,0.08295415,0.19066,0.008873817,0.2048837,0,0,0,0,0,
October,0.0001882295,0.009358025,0.02578593,0.004708009,0.05686058,0.2398693,0.1635508,0.07224567,0.03051531,0.0127491,0.01893923,0.436498,0.4395059,0.08295415,0.19066,0.008873817,0.2048837,0,0,0,0,0,
November,0.0001882295,0.009358025,0.02578593,0.004708009,0.05686058,0.2398693,0.1635508,0.07224567,0.03051531,0.0127491,0.01893923,0.436498,0.4395059,0.08295415,0.19066,0.008873817,0.2048837,0,0,0,0,0,
December,0.0001882295,0.009358025,0.02578593,0.004708009,0.05686058,0.2398693,0.1635508,0.07224567,0.03051531,0.0127491,0.01893923,0.436498,0.4395059,0.08295415,0.19066,0.008873817,0.2048837,0,0,0,0,0,
1991,0.0001882295,0.01292474,0.03179315,0.004047165,0.04887929,0.2061998,0.1405939,0.06210484,0.026232,0.01095956,0.01893923,0.8439185,0.4685323,0.03170458,0.3239949,0.003791899,0.1871812,0,0,0,0,0,
February,0.0001882295,0.01292474,0.03179315,0.004047165,0.04887929,0.2061998,0.1405939,0.06210484,0.026232,0.01095956,0.01893923,0.8439185,0.4685323,0.03170458,0.3239949,0.003791899,0.1871812,0,0,0,0,0,
March,0.0001882295,0.01292474,0.03179315,0.004047165,0.04887929,0.2061998,0.1405939,0.06210484,0.026232,0.01095956,0.01893923,0.8439185,0.4685323,0.03170458,0.3239949,0.003791899,0.1871812,0,0,0,0,0,
April,0.0001882295,0.01292474,0.03179315,0.004047165,0.04887929,0.2061998,0.1405939,0.06210484,0.026232,0.01095956,0.01893923,0.8439185,0.4685323,0.03170458,0.3239949,0.003791899,0.1871812,0,0,0,0,0,
May,0.0001882295,0.01292474,0.03179315,0.004047165,0.04887929,0.2061998,0.1405939,0.06210484,0.026232,0.01095956,0.01893923,0.8439185,0.4685323,0.03170458,0.3239949,0.003791899,0.1871812,0,0,0,0,0,
June,0.0001882295,0.01292474,0.03179315,0.004047165,0.04887929,0.2061998,0.1405939,0.06210484,0.026232,0.01095956,0.01893923,0.8439185,0.4685323,0.03170458,0.3239949,0.003791899,0.1871812,0,0,0,0,0,
July,0.0001882295,0.01292474,0.03179315,0.004047165,0.04887929,0.2061998,0.1405939,0.06210484,0.026232,0.01095956,0.01893923,0.8439185,0.4685323,0.03170458,0.3239949,0.003791899,0.1871812,0,0,0,0,0,
August,0.0001882295,0.01292474,0.03179315,0.004047165,0.04887929,0.2061998,0.1405939,0.06210484,0.026232,0.01095956,0.01893923,0.8439185,0.4685323,0.03170458,0.3239949,0.003791899,0.1871812,0,0,0,0,0,
September,0.0001882295,0.01292474,0.03179315,0.004047165,0.04887929,0.2061998,0.1405939,0.06210484,0.026232,0.01095956,0.01893923,0.8439185,0.4685323,0.03170458,0.3239949,0.003791899,0.1871812,0,0,0,0,0,
October,0.0001882295,0.01292474,0.03179315,0.004047165,0.04887929,0.2061998,0.1405939,0.06210484,0.026232,0.01095956,0.01893923,0.8439185,0.4685323,0.03170458,0.3239949,0.003791899,0.1871812,0,0,0,0,0,
November,0.0001882295,0.01292474,0.03179315,0.004047165,0.04887929,0.2061998,0.1405939,0.06210484,0.026232,0.01095956,0.01893923,0.8439185,0.4685323,0.03170458,0.3239949,0.003791899,0.1871812,0,0,0,0,0,
December,0.0001882295,0.01292474,0.03179315,0.004047165,0.04887929,0.2061998,0.1405939,0.06210484,0.026232,0.01095956,0.01893923,0.8439185,0.4685323,0.03170458,0.3239949,0.003791899,0.1871812,0,0,0,0,0,
1992,0.0001882295,0.01347257,0.04084716,0.00590688,0.07133984,0.3009508,0.2051982,0.09064267,0.03828588,0.0159956,0.01893923,0.6121774,0.4503914,0.01636514,0.3056806,0.000836592,0.1924376,0,0,0,0,0,
February,0.0001882295,0.01347257,0.04084716,0.00590688,0.07133984,0.3009508,0.2051982,0.09064267,0.03828588,0.0159956,0.01893923,0.6121774,0.4503914,0.01636514,0.3056806,0.000836592,0.1924376,0,0,0,0,0,
March,0.0001882295,0.01347257,0.04084716,0.00590688,0.07133984,0.3009508,0.2051982,0.09064267,0.03828588,0.0159956,0.01893923,0.6121774,0.4503914,0.01636514,0.3056806,0.000836592,0.1924376,0,0,0,0,0,
April,0.0001882295,0.01347257,0.04084716,0.00590688,0.07133984,0.3009508,0.2051982,0.09064267,0.03828588,0.0159956,0.01893923,0.6121774,0.4503914,0.01636514,0.3056806,0.000836592,0.1924376,0,0,0,0,0,
May,0.0001882295,0.01347257,0.04084716,0.00590688,0.07133984,0.3009508,0.2051982,0.09064267,0.03828588,0.0159956,0.01893923,0.6121774,0.4503914,0.01636514,0.3056806,0.000836592,0.1924376,0,0,0,0,0,
June,0.0001882295,0.01347257,0.04084716,0.00590688,0.07133984,0.3009508,0.2051982,0.09064267,0.03828588,0.0159956,0.01893923,0.6121774,0.4503914,0.01636514,0.3056806,0.000836592,0.1924376,0,0,0,0,0,
July,0.0001882295,0.01347257,0.04084716,0.00590688,0.07133984,0.3009508,0.2051982,0.09064267,0.03828588,0.0159956,0.01893923,0.6121774,0.4503914,0.01636514,0.3056806,0.000836592,0.1924376,0,0,0,0,0,
August,0.0001882295,0.01347257,0.04084716,0.00590688,0.07133984,0.3009508,0.2051982,0.09064267,0.03828588,0.0159956,0.01893923,0.6121774,0.4503914,0.01636514,0.3056806,0.000836592,0.1924376,0,0,0,0,0,
September,0.0001882295,0.01347257,0.04084716,0.00590688,0.07133984,0.3009508,0.2051982,0.09064267,0.03828588,0.0159956,0.01893923,0.6121774,0.4503914,0.01636514,0.3056806,0.000836592,0.1924376,0,0,0,0,0,
October,0.0001882295,0.01347257,0.04084716,0.00590688,0.07133984,0.3009508,0.2051982,0.09064267,0.03828588,0.0159956,0.01893923,0.6121774,0.4503914,0.01636514,0.3056806,0.000836592,0.1924376,0,0,0,0,0,
November,0.0001882295,0.01347257,0.04084716,0.00590688,0.07133984,0.3009508,0.2051982,0.09064267,0.03828588,0.0159956,0.01893923,0.6121774,0.4503914,0.01636514,0.3056806,0.000836592,0.1924376,0,0,0,0,0,
December,0.0001882295,0.01347257,0.04084716,0.00590688,0.07133984,0.3009508,0.2051982,0.09064267,0.03828588,0.0159956,0.01893923,0.6121774,0.4503914,0.01636514,0.3056806,0.000836592,0.1924376,0,0,0,0,0,
1993,0.0001882295,0.02629584,0.05770249,0.01018579,0.1230181,0.518958,0.3538428,0.1563037,0.06601997,0.02758273,0.01893923,0.3791379,0.4382525,0.006648863,0.1341434,0.002545365,0.1733349,0,0,0,0,0,
February,0.0001882295,0.02629584,0.05770249,0.01018579,0.1230181,0.518958,0.3538428,0.1563037,0.06601997,0.02758273,0.01893923,0.3791379,0.4382525,0.006648863,0.1341434,0.002545365,0.1733349,0,0,0,0,0,
March,0.0001882295,0.02629584,0.05770249,0.01018579,0.1230181,0.518958,0.3538428,0.1563037,0.06601997,0.02758273,0.01893923,0.3791379,0.4382525,0.006648863,0.1341434,0.002545365,0.1733349,0,0,0,0,0,
April,0.0001882295,0.02629584,0.05770249,0.01018579,0.1230181,0.518958,0.3538428,0.1563037,0.06601997,0.02758273,0.01893923,0.3791379,0.4382525,0.006648863,0.1341434,0.002545365,0.1733349,0,0,0,0,0,
May,0.0001882295,0.02629584,0.05770249,0.01018579,0.1230181,0.518958,0.3538428,0.1563037,0.06601997,0.02758273,0.01893923,0.3791379,0.4382525,0.006648863,0.1341434,0.002545365,0.1733349,0,0,0,0,0,
June,0.0001882295,0.02629584,0.05770249,0.01018579,0.1230181,0.518958,0.3538428,0.1563037,0.06601997,0.02758273,0.01893923,0.3791379,0.4382525,0.006648863,0.1341434,0.002545365,0.1733349,0,0,0,0,0,
July,0.0001882295,0.02629584,0.05770249,0.01018579,0.1230181,0.518958,0.3538428,0.1563037,0.06601997,0.02758273,0.01893923,0.3791379,0.4382525,0.006648863,0.1341434,0.002545365,0.1733349,0,0,0,0,0,
August,0.0001882295,0.02629584,0.05770249,0.01018579,0.1230181,0.518958,0.3538428,0.1563037,0.06601997,0.02758273,0.01893923,0.3791379,0.4382525,0.006648863,0.1341434,0.002545365,0.1733349,0,0,0,0,0,
September,0.0001882295,0.02629584,0.05770249,0.01018579,0.1230181,0.518958,0.3538428,0.1563037,0.06601997,0.02758273,0.01893923,0.3791379,0.4382525,0.006648863,0.1341434,0.002545365,0.1733349,0,0,0,0,0,
October,0.0001882295,0.02629584,0.05770249,0.01018579,0.1230181,0.518958,0.3538428,0.1563037,0.06601997,0.02758273,0.01893923,0.3791379,0.4382525,0.006648863,0.1341434,0.002545365,0.1733349,0,0,0,0,0,
November,0.0001882295,0.02629584,0.05770249,0.01018579,0.1230181,0.518958,0.3538428,0.1563037,0.06601997,0.02758273,0.01893923,0.3791379,0.4382525,0.006648863,0.1341434,0.002545365,0.1733349,0,0,0,0,0,
December,0.0001882295,0.02629584,0.05770249,0.01018579,0.1230181,0.518958,0.3538428,0.1563037,0.06601997,0.02758273,0.01893923,0.3791379,0.4382525,0.006648863,0.1341434,0.002545365,0.1733349,0,0,0,0,0,
1994,0.0001882295,0.03510695,0.08081331,0.01167384,0.1409898,0.5947726,0.4055357,0.1791382,0.07566484,0.03161229,0.01893923,0.3953485,0.4355033,0.01084804,0.1127268,0.002346333,0.1576365,0,0,0,0,0,
February,0.0001882295,0.03510695,0.08081331,0.01167384,0.1409898,0.5947726,0.4055357,0.1791382,0.07566484,0.03161229,0.01893923,0.3953485,0.4355033,0.01084804,0.1127268,0.002346333,0.1576365,0,0,0,0,0,
March,0.0001882295,0.03510695,0.08081331,0.01167384,0.1409898,0.5947726,0.4055357,0.1791382,0.07566484,0.03161229,0.01893923,0.3953485,0.4355033,0.01084804,0.1127268,0.002346333,0.1576365,0,0,0,0,0,
April,0.0001882295,0.03510695,0.08081331,0.01167384,0.1409898,0.5947726,0.4055357,0.1791382,0.07566484,0.03161229,0.01893923,0.3953485,0.4355033,0.01084804,0.1127268,0.002346333,0.1576365,0,0,0,0,0,
May,0.0001882295,0.03510695,0.08081331,0.01167384,0.1409898,0.5947726,0.4055357,0.1791382,0.07566484,0.03161229,0.01893923,0.3953485,0.4355033,0.01084804,0.1127268,0.002346333,0.1576365,0,0,0,0,0,
June,0.0001882295,0.03510695,0.08081331,0.01167384,0.1409898,0.5947726,0.4055357,0.1791382,0.07566484,0.03161229,0.01893923,0.3953485,0.4355033,0.01084804,0.1127268,0.002346333,0.1576365,0,0,0,0,0,
July,0.0001882295,0.03510695,0.08081331,0.01167384,0.1409898,0.5947726,0.4055357,0.1791382,0.07566484,0.03161229,0.01893923,0.3953485,0.4355033,0.01084804,0.1127268,0.002346333,0.1576365,0,0,0,0,0,
August,0.0001882295,0.03510695,0.08081331,0.01167384,0.1409898,0.5947726,0.4055357,0.1791382,0.07566484,0.03161229,0.01893923,0.3953485,0.4355033,0.01084804,0.1127268,0.002346333,0.1576365,0,0,0,0,0,
September,0.0001882295,0.03510695,0.08081331,0.01167384,0.1409898,0.5947726,0.4055357,0.1791382,0.07566484,0.03161229,0.01893923,0.3953485,0.4355033,0.01084804,0.1127268,0.002346333,0.1576365,0,0,0,0,0,
October,0.0001882295,0.03510695,0.08081331,0.01167384,0.1409898,0.5947726,0.4055357,0.1791382,0.07566484,0.03161229,0.01893923,0.3953485,0.4355033,0.01084804,0.1127268,0.002346333,0.1576365,0,0,0,0,0,
November,0.0001882295,0.03510695,0.08081331,0.01167384,0.1409898,0.5947726,0.4055357,0.1791382,0.07566484,0.03161229,0.01893923,0.3953485,0.4355033,0.01084804,0.1127268,0.002346333,0.1576365,0,0,0,0,0,
December,0.0001882295,0.03510695,0.08081331,0.01167384,0.1409898,0.5947726,0.4055357,0.1791382,0.07566484,0.03161229,0.01893923,0.3953485,0.4355033,0.01084804,0.1127268,0.002346333,0.1576365,0,0,0,0,0,
1995,0.0001882295,0.03994861,0.1034025,0.01094867,0.1322316,0.557826,0.3803442,0.1680103,0.07096462,0.02964857,0.01893923,0.2263803,0.328009,0.00976695,0.1016585,0.02012837,0.248686,0,0,0,0,0,
February,0.0001882295,0.03994861,0.1034025,0.01094867,0.1322316,0.557826,0.3803442,0.1680103,0.07096462,0.02964857,0.01893923,0.2263803,0.328009,0.00976695,0.1016585,0.02012837,0.248686,0,0,0,0,0,
March,0.0001882295,0.03994861,0.1034025,0.01094867,0.1322316,0.557826,0.3803442,0.1680103,0.07096462,0.02964857,0.01893923,0.2263803,0.328009,0.00976695,0.1016585,0.02012837,0.248686,0,0,0,0,0,
April,0.0001882295,0.03994861,0.1034025,0.01094867,0.1322316,0.557826,0.3803442,0.1680103,0.07096462,0.02964857,0.01893923,0.2263803,0.328009,0.00976695,0.1016585,0.02012837,0.248686,0,0,0,0,0,
May,0.0001882295,0.03994861,0.1034025,0.01094867,0.1322316,0.557826,0.3803442,0.1680103,0.07096462,0.02964857,0.01893923,0.2263803,0.328009,0.00976695,0.1016585,0.02012837,0.248686,0,0,0,0,0,
June,0.0001882295,0.03994861,0.1034025,0.01094867,0.1322316,0.557826,0.3803442,0.1680103,0.07096462,0.02964857,0.01893923,0.2263803,0.328009,0.00976695,0.1016585,0.02012837,0.248686,0,0,0,0,0,
July,0.0001882295,0.03994861,0.1034025,0.01094867,0.1322316,0.557826,0.3803442,0.1680103,0.07096462,0.02964857,0.01893923,0.2263803,0.328009,0.00976695,0.1016585,0.02012837,0.248686,0,0,0,0,0,
August,0.0001882295,0.03994861,0.1034025,0.01094867,0.1322316,0.557826,0.3803442,0.1680103,0.07096462,0.02964857,0.01893923,0.2263803,0.328009,0.00976695,0.1016585,0.02012837,0.248686,0,0,0,0,0,
September,0.0001882295,0.03994861,0.1034025,0.01094867,0.1322316,0.557826,0.3803442,0.1680103,0.07096462,0.02964857,0.01893923,0.2263803,0.328009,0.00976695,0.1016585,0.02012837,0.248686,0,0,0,0,0,
October,0.0001882295,0.03994861,0.1034025,0.01094867,0.1322316,0.557826,0.3803442,0.1680103,0.07096462,0.02964857,0.01893923,0.2263803,0.328009,0.00976695,0.1016585,0.02012837,0.248686,0,0,0,0,0,
November,0.0001882295,0.03994861,0.1034025,0.01094867,0.1322316,0.557826,0.3803442,0.1680103,0.07096462,0.02964857,0.01893923,0.2263803,0.328009,0.00976695,0.1016585,0.02012837,0.248686,0,0,0,0,0,
December,0.0001882295,0.03994861,0.1034025,0.01094867,0.1322316,0.557826,0.3803442,0.1680103,0.07096462,0.02964857,0.01893923,0.2263803,0.328009,0.00976695,0.1016585,0.02012837,0.248686,0,0,0,0,0,
1996,0.0001882295,0.03949698,0.07879242,0.01855395,0.2240838,0.945309,0.6445431,0.2847154,0.1202588,0.05024338,0.01893923,0.4042769,0.3540276,0.02762281,0.1680804,0.005855177,0.2205091,0,0,0,0,0,
February,0.0001882295,0.03949698,0.07879242,0.01855395,0.2240838,0.945309,0.6445431,0.2847154,0.1202588,0.05024338,0.01893923,0.4042769,0.3540276,0.02762281,0.1680804,0.005855177,0.2205091,0,0,0,0,0,
March,0.0001882295,0.03949698,0.07879242,0.01855395,0.2240838,0.945309,0.6445431,0.2847154,0.1202588,0.05024338,0.01893923,0.4042769,0.3540276,0.02762281,0.1680804,0.005855177,0.2205091,0,0,0,0,0,
April,0.0001882295,0.03949698,0.07879242,0.01855395,0.2240838,0.945309,0.6445431,0.2847154,0.1202588,0.05024338,0.01893923,0.4042769,0.3540276,0.02762281,0.1680804,0.005855177,0.2205091,0,0,0,0,0,
May,0.0001882295,0.03949698,0.07879242,0.01855395,0.2240838,0.945309,0.6445431,0.2847154,0.1202588,0.05024338,0.01893923,0.4042769,0.3540276,0.02762281,0.1680804,0.005855177,0.2205091,0,0,0,0,0,
June,0.0001882295,0.03949698,0.07879242,0.01855395,0.2240838,0.945309,0.6445431,0.2847154,0.1202588,0.05024338,0.01893923,0.4042769,0.3540276,0.02762281,0.1680804,0.005855177,0.2205091,0,0,0,0,0,
July,0.0001882295,0.03949698,0.07879242,0.01855395,0.2240838,0.945309,0.6445431,0.2847154,0.1202588,0.05024338,0.01893923,0.4042769,0.3540276,0.02762281,0.1680804,0.005855177,0.2205091,0,0,0,0,0,
August,0.0001882295,0.03949698,0.07879242,0.01855395,0.2240838,0.945309,0.6445431,0.2847154,0.1202588,0.05024338,0.01893923,0.4042769,0.3540276,0.02762281,0.1680804,0.005855177,0.2205091,0,0,0,0,0,
September,0.0001882295,0.03949698,0.07879242,0.01855395,0.2240838,0.945309,0.6445431,0.2847154,0.1202588,0.05024338,0.01893923,0.4042769,0.3540276,0.02762281,0.1680804,0.005855177,0.2205091,0,0,0,0,0,
October,0.0001882295,0.03949698,0.07879242,0.01855395,0.2240838,0.945309,0.6445431,0.2847154,0.1202588,0.05024338,0.01893923,0.4042769,0.3540276,0.02762281,0.1680804,0.005855177,0.2205091,0,0,0,0,0,
November,0.0001882295,0.03949698,0.07879242,0.01855395,0.2240838,0.945309,0.6445431,0.2847154,0.1202588,0.05024338,0.01893923,0.4042769,0.3540276,0.02762281,0.1680804,0.005855177,0.2205091,0,0,0,0,0,
December,0.0001882295,0.03949698,0.07879242,0.01855395,0.2240838,0.945309,0.6445431,0.2847154,0.1202588,0.05024338,0.01893923,0.4042769,0.3540276,0.02762281,0.1680804,0.005855177,0.2205091,0,0,0,0,0,
1997,0.0001882295,0.05271429,0.1038311,0.01722185,0.2079955,0.8774395,0.5982673,0.264274,0.1116247,0.04663609,0.01893923,0.3988457,0.4262896,0.05969375,0.2300168,0.02097537,0.2272151,0,0,0,0,0,
February,0.0001882295,0.05271429,0.1038311,0.01722185,0.2079955,0.8774395,0.5982673,0.264274,0.1116247,0.04663609,0.01893923,0.3988457,0.4262896,0.05969375,0.2300168,0.02097537,0.2272151,0,0,0,0,0,
March,0.0001882295,0.05271429,0.1038311,0.01722185,0.2079955,0.8774395,0.5982673,0.264274,0.1116247,0.04663609,0.01893923,0.3988457,0.4262896,0.05969375,0.2300168,0.02097537,0.2272151,0,0,0,0,0,
April,0.0001882295,0.05271429,0.1038311,0.01722185,0.2079955,0.8774395,0.5982673,0.264274,0.1116247,0.04663609,0.01893923,0.3988457,0.4262896,0.05969375,0.2300168,0.02097537,0.2272151,0,0,0,0,0,
May,0.0001882295,0.05271429,0.1038311,0.01722185,0.2079955,0.8774395,0.5982673,0.264274,0.1116247,0.04663609,0.01893923,0.3988457,0.4262896,0.05969375,0.2300168,0.02097537,0.2272151,0,0,0,0,0,
June,0.0001882295,0.05271429,0.1038311,0.01722185,0.2079955,0.8774395,0.5982673,0.264274,0.1116247,0.04663609,0.01893923,0.3988457,0.4262896,0.05969375,0.2300168,0.02097537,0.2272151,0,0,0,0,0,
July,0.0001882295,0.05271429,0.1038311,0.01722185,0.2079955,0.8774395,0.5982673,0.264274,0.1116247,0.04663609,0.01893923,0.3988457,0.4262896,0.05969375,0.2300168,0.02097537,0.2272151,0,0,0,0,0,
August,0.0001882295,0.05271429,0.1038311,0.01722185,0.2079955,0.8774395,0.5982673,0.264274,0.1116247,0.04663609,0.01893923,0.3988457,0.4262896,0.05969375,0.2300168,0.02097537,0.2272151,0,0,0,0,0,
September,0.0001882295,0.05271429,0.1038311,0.01722185,0.2079955,0.8774395,0.5982673,0.264274,0.1116247,0.04663609,0.01893923,0.3988457,0.4262896,0.05969375,0.2300168,0.02097537,0.2272151,0,0,0,0,0,
October,0.0001882295,0.05271429,0.1038311,0.01722185,0.2079955,0.8774395,0.5982673,0.264274,0.1116247,0.04663609,0.01893923,0.3988457,0.4262896,0.05969375,0.2300168,0.02097537,0.2272151,0,0,0,0,0,
November,0.0001882295,0.05271429,0.1038311,0.01722185,0.2079955,0.8774395,0.5982673,0.264274,0.1116247,0.04663609,0.01893923,0.3988457,0.4262896,0.05969375,0.2300168,0.02097537,0.2272151,0,0,0,0,0,
December,0.0001882295,0.05271429,0.1038311,0.01722185,0.2079955,0.8774395,0.5982673,0.264274,0.1116247,0.04663609,0.01893923,0.3988457,0.4262896,0.05969375,0.2300168,0.02097537,0.2272151,0,0,0,0,0,
1998,0.0001882295,0.05298124,0.1827416,0.02147327,0.2593416,1.094046,0.7459568,0.3295131,0.1391806,0.05814877,0.01893923,0.2023691,0.3602186,0.02838778,0.2933052,0.000604607,0.2206548,0,0,0,0,0,
February,0.0001882295,0.05298124,0.1827416,0.02147327,0.2593416,1.094046,0.7459568,0.3295131,0.1391806,0.05814877,0.01893923,0.2023691,0.3602186,0.02838778,0.2933052,0.000604607,0.2206548,0,0,0,0,0,
March,0.0001882295,0.05298124,0.1827416,0.02147327,0.2593416,1.094046,0.7459568,0.3295131,0.1391806,0.05814877,0.01893923,0.2023691,0.3602186,0.02838778,0.2933052,0.000604607,0.2206548,0,0,0,0,0,
April,0.0001882295,0.05298124,0.1827416,0.02147327,0.2593416,1.094046,0.7459568,0.3295131,0.1391806,0.05814877,0.01893923,0.2023691,0.3602186,0.02838778,0.2933052,0.000604607,0.2206548,0,0,0,0,0,
May,0.0001882295,0.05298124,0.1827416,0.02147327,0.2593416,1.094046,0.7459568,0.3295131,0.1391806,0.05814877,0.01893923,0.2023691,0.3602186,0.02838778,0.2933052,0.000604607,0.2206548,0,0,0,0,0,
June,0.0001882295,0.05298124,0.1827416,0.02147327,0.2593416,1.094046,0.7459568,0.3295131,0.1391806,0.05814877,0.01893923,0.2023691,0.3602186,0.02838778,0.2933052,0.000604607,0.2206548,0,0,0,0,0,
July,0.0001882295,0.05298124,0.1827416,0.02147327,0.2593416,1.094046,0.7459568,0.3295131,0.1391806,0.05814877,0.01893923,0.2023691,0.3602186,0.02838778,0.2933052,0.000604607,0.2206548,0,0,0,0,0,
August,0.0001882295,0.05298124,0.1827416,0.02147327,0.2593416,1.094046,0.7459568,0.3295131,0.1391806,0.05814877,0.01893923,0.2023691,0.3602186,0.02838778,0.2933052,0.000604607,0.2206548,0,0,0,0,0,
September,0.0001882295,0.05298124,0.1827416,0.02147327,0.2593416,1.094046,0.7459568,0.3295131,0.1391806,0.05814877,0.01893923,0.2023691,0.3602186,0.02838778,0.2933052,0.000604607,0.2206548,0,0,0,0,0,
October,0.0001882295,0.05298124,0.1827416,0.02147327,0.2593416,1.094046,0.7459568,0.3295131,0.1391806,0.05814877,0.01893923,0.2023691,0.3602186,0.02838778,0.2933052,0.000604607,0.2206548,0,0,0,0,0,
November,0.0001882295,0.05298124,0.1827416,0.02147327,0.2593416,1.094046,0.7459568,0.3295131,0.1391806,0.05814877,0.01893923,0.2023691,0.3602186,0.02838778,0.2933052,0.000604607,0.2206548,0,0,0,0,0,
December,0.0001882295,0.05298124,0.1827416,0.02147327,0.2593416,1.094046,0.7459568,0.3295131,0.1391806,0.05814877,0.01893923,0.2023691,0.3602186,0.02838778,0.2933052,0.000604607,0.2206548,0,0,0,0,0,
1999,0.0001882295,0.06192694,0.2359768,0.02857261,0.3450833,1.455752,0.9925796,0.4384544,0.1851955,0.0773735,0.01893923,0.3115952,0.268096,0.03244264,0.3868135,0.001387948,0.2346732,0,0,0,0,0,
February,0.0001882295,0.06192694,0.2359768,0.02857261,0.3450833,1.455752,0.9925796,0.4384544,0.1851955,0.0773735,0.01893923,0.3115952,0.268096,0.03244264,0.3868135,0.001387948,0.2346732,0,0,0,0,0,
March,0.0001882295,0.06192694,0.2359768,0.02857261,0.3450833,1.455752,0.9925796,0.4384544,0.1851955,0.0773735,0.01893923,0.3115952,0.268096,0.03244264,0.3868135,0.001387948,0.2346732,0,0,0,0,0,
April,0.0001882295,0.06192694,0.2359768,0.02857261,0.3450833,1.455752,0.9925796,0.4384544,0.1851955,0.0773735,0.01893923,0.3115952,0.268096,0.03244264,0.3868135,0.001387948,0.2346732,0,0,0,0,0,
May,0.0001882295,0.06192694,0.2359768,0.02857261,0.3450833,1.455752,0.9925796,0.4384544,0.1851955,0.0773735,0.01893923,0.3115952,0.268096,0.03244264,0.3868135,0.001387948,0.2346732,0,0,0,0,0,
June,0.0001882295,0.06192694,0.2359768,0.02857261,0.3450833,1.455752,0.9925796,0.4384544,0.1851955,0.0773735,0.01893923,0.3115952,0.268096,0.03244264,0.3868135,0.001387948,0.2346732,0,0,0,0,0,
July,0.0001882295,0.06192694,0.2359768,0.02857261,0.3450833,1.455752,0.9925796,0.4384544,0.1851955,0.0773735,0.01893923,0.3115952,0.268096,0.03244264,0.3868135,0.001387948,0.2346732,0,0,0,0,0,
August,0.0001882295,0.06192694,0.2359768,0.02857261,0.3450833,1.455752,0.9925796,0.4384544,0.1851955,0.0773735,0.01893923,0.3115952,0.268096,0.03244264,0.3868135,0.001387948,0.2346732,0,0,0,0,0,
September,0.0001882295,0.06192694,0.2359768,0.02857261,0.3450833,1.455752,0.9925796,0.4384544,0.1851955,0.0773735,0.01893923,0.3115952,0.268096,0.03244264,0.3868135,0.001387948,0.2346732,0,0,0,0,0,
October,0.0001882295,0.06192694,0.2359768,0.02857261,0.3450833,1.455752,0.9925796,0.4384544,0.1851955,0.0773735,0.01893923,0.3115952,0.268096,0.03244264,0.3868135,0.001387948,0.2346732,0,0,0,0,0,
November,0.0001882295,0.06192694,0.2359768,0.02857261,0.3450833,1.455752,0.9925796,0.4384544,0.1851955,0.0773735,0.01893923,0.3115952,0.268096,0.03244264,0.3868135,0.001387948,0.2346732,0,0,0,0,0,
December,0.0001882295,0.06192694,0.2359768,0.02857261,0.3450833,1.455752,0.9925796,0.4384544,0.1851955,0.0773735,0.01893923,0.3115952,0.268096,0.03244264,0.3868135,0.001387948,0.2346732,0,0,0,0,0,
2000,0.0001882295,0.08235468,0.1984857,0.03443991,0.4159451,1.754686,1.196403,0.5284898,0.2232248,0.09326192,0.01893923,0.1740721,0.3215143,0.004042512,0.4673418,0.003593457,0.2030004,0,0,0,0,0,
February,0.0001882295,0.08235468,0.1984857,0.03443991,0.4159451,1.754686,1.196403,0.5284898,0.2232248,0.09326192,0.01893923,0.1740721,0.3215143,0.004042512,0.4673418,0.003593457,0.2030004,0,0,0,0,0,
March,0.0001882295,0.08235468,0.1984857,0.03443991,0.4159451,1.754686,1.196403,0.5284898,0.2232248,0.09326192,0.01893923,0.1740721,0.3215143,0.004042512,0.4673418,0.003593457,0.2030004,0,0,0,0,0,
April,0.0001882295,0.08235468,0.1984857,0.03443991,0.4159451,1.754686,1.196403,0.5284898,0.2232248,0.09326192,0.01893923,0.1740721,0.3215143,0.004042512,0.4673418,0.003593457,0.2030004,0,0,0,0,0,
May,0.0001882295,0.08235468,0.1984857,0.03443991,0.4159451,1.754686,1.196403,0.5284898,0.2232248,0.09326192,0.01893923,0.1740721,0.3215143,0.004042512,0.4673418,0.003593457,0.2030004,0,0,0,0,0,
June,0.0001882295,0.08235468,0.1984857,0.03443991,0.4159451,1.754686,1.196403,0.5284898,0.2232248,0.09326192,0.01893923,0.1740721,0.3215143,0.004042512,0.4673418,0.003593457,0.2030004,0,0,0,0,0,
July,0.0001882295,0.08235468,0.1984857,0.03443991,0.4159451,1.754686,1.196403,0.5284898,0.2232248,0.09326192,0.01893923,0.1740721,0.3215143,0.004042512,0.4673418,0.003593457,0.2030004,0,0,0,0,0,
August,0.0001882295,0.08235468,0.1984857,0.03443991,0.4159451,1.754686,1.196403,0.5284898,0.2232248,0.09326192,0.01893923,0.1740721,0.3215143,0.004042512,0.4673418,0.003593457,0.2030004,0,0,0,0,0,
September,0.0001882295,0.08235468,0.1984857,0.03443991,0.4159451,1.754686,1.196403,0.5284898,0.2232248,0.09326192,0.01893923,0.1740721,0.3215143,0.004042512,0.4673418,0.003593457,0.2030004,0,0,0,0,0,
October,0.0001882295,0.08235468,0.1984857,0.03443991,0.4159451,1.754686,1.196403,0.5284898,0.2232248,0.09326192,0.01893923,0.1740721,0.3215143,0.004042512,0.4673418,0.003593457,0.2030004,0,0,0,0,0,
November,0.0001882295,0.08235468,0.1984857,0.03443991,0.4159451,1.754686,1.196403,0.5284898,0.2232248,0.09326192,0.01893923,0.1740721,0.3215143,0.004042512,0.4673418,0.003593457,0.2030004,0,0,0,0,0,
December,0.0001882295,0.08235468,0.1984857,0.03443991,0.4159451,1.754686,1.196403,0.5284898,0.2232248,0.09326192,0.01893923,0.1740721,0.3215143,0.004042512,0.4673418,0.003593457,0.2030004,0,0,0,0,0,
2001,0.0001882295,0.0772429,0.2121276,0.04408941,0.5324862,2.24632,1.531616,0.676564,0.2857688,0.1193924,0.01893923,0.2969859,0.378698,0.006022104,0.3196989,0.002718311,0.245634,0,0,0,0,0,
February,0.0001882295,0.0772429,0.2121276,0.04408941,0.5324862,2.24632,1.531616,0.676564,0.2857688,0.1193924,0.01893923,0.2969859,0.378698,0.006022104,0.3196989,0.002718311,0.245634,0,0,0,0,0,
March,0.0001882295,0.0772429,0.2121276,0.04408941,0.5324862,2.24632,1.531616,0.676564,0.2857688,0.1193924,0.01893923,0.2969859,0.378698,0.006022104,0.3196989,0.002718311,0.245634,0,0,0,0,0,
April,0.0001882295,0.0772429,0.2121276,0.04408941,0.5324862,2.24632,1.531616,0.676564,0.2857688,0.1193924,0.01893923,0.2969859,0.378698,0.006022104,0.3196989,0.002718311,0.245634,0,0,0,0,0,
May,0.0001882295,0.0772429,0.2121276,0.04408941,0.5324862,2.24632,1.531616,0.676564,0.2857688,0.1193924,0.01893923,0.2969859,0.378698,0.006022104,0.3196989,0.002718311,0.245634,0,0,0,0,0,
June,0.0001882295,0.0772429,0.2121276,0.04408941,0.5324862,2.24632,1.531616,0.676564,0.2857688,0.1193924,0.01893923,0.2969859,0.378698,0.006022104,0.3196989,0.002718311,0.245634,0,0,0,0,0,
July,0.0001882295,0.0772429,0.2121276,0.04408941,0.5324862,2.24632,1.531616,0.676564,0.2857688,0.1193924,0.01893923,0.2969859,0.378698,0.006022104,0.3196989,0.002718311,0.245634,0,0,0,0,0,
August,0.0001882295,0.0772429,0.2121276,0.04408941,0.5324862,2.24632,1.531616,0.676564,0.2857688,0.1193924,0.01893923,0.2969859,0.378698,0.006022104,0.3196989,0.002718311,0.245634,0,0,0,0,0,
September,0.0001882295,0.0772429,0.2121276,0.04408941,0.5324862,2.24632,1.531616,0.676564,0.2857688,0.1193924,0.01893923,0.2969859,0.378698,0.006022104,0.3196989,0.002718311,0.245634,0,0,0,0,0,
October,0.0001882295,0.0772429,0.2121276,0.04408941,0.5324862,2.24632,1.531616,0.676564,0.2857688,0.1193924,0.01893923,0.2969859,0.378698,0.006022104,0.3196989,0.002718311,0.245634,0,0,0,0,0,
November,0.0001882295,0.0772429,0.2121276,0.04408941,0.5324862,2.24632,1.531616,0.676564,0.2857688,0.1193924,0.01893923,0.2969859,0.378698,0.006022104,0.3196989,0.002718311,0.245634,0,0,0,0,0,
December,0.0001882295,0.0772429,0.2121276,0.04408941,0.5324862,2.24632,1.531616,0.676564,0.2857688,0.1193924,0.01893923,0.2969859,0.378698,0.006022104,0.3196989,0.002718311,0.245634,0,0,0,0,0,
2002,0.0001882295,0.06312741,0.1968699,0.09108485,1.10007,4.6407,3.164183,1.397722,0.5903732,0.2466542,0.01893923,0.1518931,0.2413061,0.002178447,0.3862866,0.03316197,0.2208456,0,0,0,0,0,
February,0.0001882295,0.06312741,0.1968699,0.09108485,1.10007,4.6407,3.164183,1.397722,0.5903732,0.2466542,0.01893923,0.1518931,0.2413061,0.002178447,0.3862866,0.03316197,0.2208456,0,0,0,0,0,
March,0.0001882295,0.06312741,0.1968699,0.09108485,1.10007,4.6407,3.164183,1.397722,0.5903732,0.2466542,0.01893923,0.1518931,0.2413061,0.002178447,0.3862866,0.03316197,0.2208456,0,0,0,0,0,
April,0.0001882295,0.06312741,0.1968699,0.09108485,1.10007,4.6407,3.164183,1.397722,0.5903732,0.2466542,0.01893923,0.1518931,0.2413061,0.002178447,0.3862866,0.03316197,0.2208456,0,0,0,0,0,
May,0.0001882295,0.06312741,0.1968699,0.09108485,1.10007,4.6407,3.164183,1.397722,0.5903732,0.2466542,0.01893923,0.1518931,0.2413061,0.002178447,0.3862866,0.03316197,0.2208456,0,0,0,0,0,
June,0.0001882295,0.06312741,0.1968699,0.09108485,1.10007,4.6407,3.164183,1.397722,0.5903732,0.2466542,0.01893923,0.1518931,0.2413061,0.002178447,0.3862866,0.03316197,0.2208456,0,0,0,0,0,
July,0.0001882295,0.06312741,0.1968699,0.09108485,1.10007,4.6407,3.164183,1.397722,0.5903732,0.2466542,0.01893923,0.1518931,0.2413061,0.002178447,0.3862866,0.03316197,0.2208456,0,0,0,0,0,
August,0.0001882295,0.06312741,0.1968699,0.09108485,1.10007,4.6407,3.164183,1.397722,0.5903732,0.2466542,0.01893923,0.1518931,0.2413061,0.002178447,0.3862866,0.03316197,0.2208456,0,0,0,0,0,
September,0.0001882295,0.06312741,0.1968699,0.09108485,1.10007,4.6407,3.164183,1.397722,0.5903732,0.2466542,0.01893923,0.1518931,0.2413061,0.002178447,0.3862866,0.03316197,0.2208456,0,0,0,0,0,
October,0.0001882295,0.06312741,0.1968699,0.09108485,1.10007,4.6407,3.164183,1.397722,0.5903732,0.2466542,0.01893923,0.1518931,0.2413061,0.002178447,0.3862866,0.03316197,0.2208456,0,0,0,0,0,
November,0.0001882295,0.06312741,0.1968699,0.09108485,1.10007,4.6407,3.164183,1.397722,0.5903732,0.2466542,0.01893923,0.1518931,0.2413061,0.002178447,0.3862866,0.03316197,0.2208456,0,0,0,0,0,
December,0.0001882295,0.06312741,0.1968699,0.09108485,1.10007,4.6407,3.164183,1.397722,0.5903732,0.2466542,0.01893923,0.1518931,0.2413061,0.002178447,0.3862866,0.03316197,0.2208456,0,0,0,0,0,
2003,0.0001882295,0.07321984,0.2166509,0.06725997,0.8123267,3.426842,2.336534,1.032122,0.4359505,0.1821374,0.01893923,0.1085899,0.2863042,0.001314453,0.2611557,0.009029814,0.2544549,0,0,0,0,0,
February,0.0001882295,0.07321984,0.2166509,0.06725997,0.8123267,3.426842,2.336534,1.032122,0.4359505,0.1821374,0.01893923,0.1085899,0.2863042,0.001314453,0.2611557,0.009029814,0.2544549,0,0,0,0,0,
March,0.0001882295,0.07321984,0.2166509,0.06725997,0.8123267,3.426842,2.336534,1.032122,0.4359505,0.1821374,0.01893923,0.1085899,0.2863042,0.001314453,0.2611557,0.009029814,0.2544549,0,0,0,0,0,
April,0.0001882295,0.07321984,0.2166509,0.06725997,0.8123267,3.426842,2.336534,1.032122,0.4359505,0.1821374,0.01893923,0.1085899,0.2863042,0.001314453,0.2611557,0.009029814,0.2544549,0,0,0,0,0,
May,0.0001882295,0.07321984,0.2166509,0.06725997,0.8123267,3.426842,2.336534,1.032122,0.4359505,0.1821374,0.01893923,0.1085899,0.2863042,0.001314453,0.2611557,0.009029814,0.2544549,0,0,0,0,0,
June,0.0001882295,0.07321984,0.2166509,0.06725997,0.8123267,3.426842,2.336534,1.032122,0.4359505,0.1821374,0.01893923,0.1085899,0.2863042,0.001314453,0.2611557,0.009029814,0.2544549,0,0,0,0,0,
July,0.0001882295,0.07321984,0.2166509,0.06725997,0.8123267,3.426842,2.336534,1.032122,0.4359505,0.1821374,0.01893923,0.1085899,0.2863042,0.001314453,0.2611557,0.009029814,0.2544549,0,0,0,0,0,
August,0.0001882295,0.07321984,0.2166509,0.06725997,0.8123267,3.426842,2.336534,1.032122,0.4359505,0.1821374,0.01893923,0.1085899,0.2863042,0.001314453,0.2611557,0.009029814,0.2544549,0,0,0,0,0,
September,0.0001882295,0.07321984,0.2166509,0.06725997,0.8123267,3.426842,2.336534,1.032122,0.4359505,0.1821374,0.01893923,0.1085899,0.2863042,0.001314453,0.2611557,0.009029814,0.2544549,0,0,0,0,0,
October,0.0001882295,0.07321984,0.2166509,0.06725997,0.8123267,3.426842,2.336534,1.032122,0.4359505,0.1821374,0.01893923,0.1085899,0.2863042,0.001314453,0.2611557,0.009029814,0.2544549,0,0,0,0,0,
November,0.0001882295,0.07321984,0.2166509,0.06725997,0.8123267,3.426842,2.336534,1.032122,0.4359505,0.1821374,0.01893923,0.1085899,0.2863042,0.001314453,0.2611557,0.009029814,0.2544549,0,0,0,0,0,
December,0.0001882295,0.07321984,0.2166509,0.06725997,0.8123267,3.426842,2.336534,1.032122,0.4359505,0.1821374,0.01893923,0.1085899,0.2863042,0.001314453,0.2611557,0.009029814,0.2544549,0,0,0,0,0,
2004,0.0001882295,0.08523287,0.2019347,0.1262594,1.524887,6.432814,4.386106,1.937484,0.8183595,0.3419054,0.01893923,0.2115469,0.3165513,0.0055428,0.1350662,0.01315784,0.2664765,0,0,0,0,0,
February,0.0001882295,0.08523287,0.2019347,0.1262594,1.524887,6.432814,4.386106,1.937484,0.8183595,0.3419054,0.01893923,0.2115469,0.3165513,0.0055428,0.1350662,0.01315784,0.2664765,0,0,0,0,0,
March,0.0001882295,0.08523287,0.2019347,0.1262594,1.524887,6.432814,4.386106,1.937484,0.8183595,0.3419054,0.01893923,0.2115469,0.3165513,0.0055428,0.1350662,0.01315784,0.2664765,0,0,0,0,0,
April,0.0001882295,0.08523287,0.2019347,0.1262594,1.524887,6.432814,4.386106,1.937484,0.8183595,0.3419054,0.01893923,0.2115469,0.3165513,0.0055428,0.1350662,0.01315784,0.2664765,0,0,0,0,0,
May,0.0001882295,0.08523287,0.2019347,0.1262594,1.524887,6.432814,4.386106,1.937484,0.8183595,0.3419054,0.01893923,0.2115469,0.3165513,0.0055428,0.1350662,0.01315784,0.2664765,0,0,0,0,0,
June,0.0001882295,0.08523287,0.2019347,0.1262594,1.524887,6.432814,4.386106,1.937484,0.8183595,0.3419054,0.01893923,0.2115469,0.3165513,0.0055428,0.1350662,0.01315784,0.2664765,0,0,0,0,0,
July,0.0001882295,0.08523287,0.2019347,0.1262594,1.524887,6.432814,4.386106,1.937484,0.8183595,0.3419054,0.01893923,0.2115469,0.3165513,0.0055428,0.1350662,0.01315784,0.2664765,0,0,0,0,0,
August,0.0001882295,0.08523287,0.2019347,0.1262594,1.524887,6.432814,4.386106,1.937484,0.8183595,0.3419054,0.01893923,0.2115469,0.3165513,0.0055428,0.1350662,0.01315784,0.2664765,0,0,0,0,0,
September,0.0001882295,0.08523287,0.2019347,0.1262594,1.524887,6.432814,4.386106,1.937484,0.8183595,0.3419054,0.01893923,0.2115469,0.3165513,0.0055428,0.1350662,0.01315784,0.2664765,0,0,0,0,0,
October,0.0001882295,0.08523287,0.2019347,0.1262594,1.524887,6.432814,4.386106,1.937484,0.8183595,0.3419054,0.01893923,0.2115469,0.3165513,0.0055428,0.1350662,0.01315784,0.2664765,0,0,0,0,0,
November,0.0001882295,0.08523287,0.2019347,0.1262594,1.524887,6.432814,4.386106,1.937484,0.8183595,0.3419054,0.01893923,0.2115469,0.3165513,0.0055428,0.1350662,0.01315784,0.2664765,0,0,0,0,0,
December,0.0001882295,0.08523287,0.2019347,0.1262594,1.524887,6.432814,4.386106,1.937484,0.8183595,0.3419054,0.01893923,0.2115469,0.3165513,0.0055428,0.1350662,0.01315784,0.2664765,0,0,0,0,0,
2005,0.0001882295,0.08212727,0.2169061,0.03898125,0.4707927,1.986063,1.354164,0.5981778,0.2526598,0.1055597,0.01893923,0.271277,0.2790761,0.002201558,0.1709187,0.00297347,0.2676202,0,0,0,0,0,
February,0.0001882295,0.08212727,0.2169061,0.03898125,0.4707927,1.986063,1.354164,0.5981778,0.2526598,0.1055597,0.01893923,0.271277,0.2790761,0.002201558,0.1709187,0.00297347,0.2676202,0,0,0,0,0,
March,0.0001882295,0.08212727,0.2169061,0.03898125,0.4707927,1.986063,1.354164,0.5981778,0.2526598,0.1055597,0.01893923,0.271277,0.2790761,0.002201558,0.1709187,0.00297347,0.2676202,0,0,0,0,0,
April,0.0001882295,0.08212727,0.2169061,0.03898125,0.4707927,1.986063,1.354164,0.5981778,0.2526598,0.1055597,0.01893923,0.271277,0.2790761,0.002201558,0.1709187,0.00297347,0.2676202,0,0,0,0,0,
May,0.0001882295,0.08212727,0.2169061,0.03898125,0.4707927,1.986063,1.354164,0.5981778,0.2526598,0.1055597,0.01893923,0.271277,0.2790761,0.002201558,0.1709187,0.00297347,0.2676202,0,0,0,0,0,
June,0.0001882295,0.08212727,0.2169061,0.03898125,0.4707927,1.986063,1.354164,0.5981778,0.2526598,0.1055597,0.01893923,0.271277,0.2790761,0.002201558,0.1709187,0.00297347,0.2676202,0,0,0,0,0,
July,0.0001882295,0.08212727,0.2169061,0.03898125,0.4707927,1.986063,1.354164,0.5981778,0.2526598,0.1055597,0.01893923,0.271277,0.2790761,0.002201558,0.1709187,0.00297347,0.2676202,0,0,0,0,0,
August,0.0001882295,0.08212727,0.2169061,0.03898125,0.4707927,1.986063,1.354164,0.5981778,0.2526598,0.1055597,0.01893923,0.271277,0.2790761,0.002201558,0.1709187,0.00297347,0.2676202,0,0,0,0,0,
September,0.0001882295,0.08212727,0.2169061,0.03898125,0.4707927,1.986063,1.354164,0.5981778,0.2526598,0.1055597,0.01893923,0.271277,0.2790761,0.002201558,0.1709187,0.00297347,0.2676202,0,0,0,0,0,
October,0.0001882295,0.08212727,0.2169061,0.03898125,0.4707927,1.986063,1.354164,0.5981778,0.2526598,0.1055597,0.01893923,0.271277,0.2790761,0.002201558,0.1709187,0.00297347,0.2676202,0,0,0,0,0,
November,0.0001882295,0.08212727,0.2169061,0.03898125,0.4707927,1.986063,1.354164,0.5981778,0.2526598,0.1055597,0.01893923,0.271277,0.2790761,0.002201558,0.1709187,0.00297347,0.2676202,0,0,0,0,0,
December,0.0001882295,0.08212727,0.2169061,0.03898125,0.4707927,1.986063,1.354164,0.5981778,0.2526598,0.1055597,0.01893923,0.271277,0.2790761,0.002201558,0.1709187,0.00297347,0.2676202,0,0,0,0,0,
2006,0.0001882295,0.09098608,0.2353027,0.03601313,0.4349456,1.83484,1.251055,0.5526313,0.2334218,0.09752215,0.01893923,0.2837068,0.297488,0.002082726,0.2273953,0.1325165,0.3051332,0,0,0,0,0,
February,0.0001882295,0.09098608,0.2353027,0.03601313,0.4349456,1.83484,1.251055,0.5526313,0.2334218,0.09752215,0.01893923,0.2837068,0.297488,0.002082726,0.2273953,0.1325165,0.3051332,0,0,0,0,0,
March,0.0001882295,0.09098608,0.2353027,0.03601313,0.4349456,1.83484,1.251055,0.5526313,0.2334218,0.09752215,0.01893923,0.2837068,0.297488,0.002082726,0.2273953,0.1325165,0.3051332,0,0,0,0,0,
April,0.0001882295,0.09098608,0.2353027,0.03601313,0.4349456,1.83484,1.251055,0.5526313,0.2334218,0.09752215,0.01893923,0.2837068,0.297488,0.002082726,0.2273953,0.1325165,0.3051332,0,0,0,0,0,
May,0.0001882295,0.09098608,0.2353027,0.03601313,0.4349456,1.83484,1.251055,0.5526313,0.2334218,0.09752215,0.01893923,0.2837068,0.297488,0.002082726,0.2273953,0.1325165,0.3051332,0,0,0,0,0,
June,0.0001882295,0.09098608,0.2353027,0.03601313,0.4349456,1.83484,1.251055,0.5526313,0.2334218,0.09752215,0.01893923,0.2837068,0.297488,0.002082726,0.2273953,0.1325165,0.3051332,0,0,0,0,0,
July,0.0001882295,0.09098608,0.2353027,0.03601313,0.4349456,1.83484,1.251055,0.5526313,0.2334218,0.09752215,0.01893923,0.2837068,0.297488,0.002082726,0.2273953,0.1325165,0.3051332,0,0,0,0,0,
August,0.0001882295,0.09098608,0.2353027,0.03601313,0.4349456,1.83484,1.251055,0.5526313,0.2334218,0.09752215,0.01893923,0.2837068,0.297488,0.002082726,0.2273953,0.1325165,0.3051332,0,0,0,0,0,
September,0.0001882295,0.09098608,0.2353027,0.03601313,0.4349456,1.83484,1.251055,0.5526313,0.2334218,0.09752215,0.01893923,0.2837068,0.297488,0.002082726,0.2273953,0.1325165,0.3051332,0,0,0,0,0,
October,0.0001882295,0.09098608,0.2353027,0.03601313,0.4349456,1.83484,1.251055,0.5526313,0.2334218,0.09752215,0.01893923,0.2837068,0.297488,0.002082726,0.2273953,0.1325165,0.3051332,0,0,0,0,0,
November,0.0001882295,0.09098608,0.2353027,0.03601313,0.4349456,1.83484,1.251055,0.5526313,0.2334218,0.09752215,0.01893923,0.2837068,0.297488,0.002082726,0.2273953,0.1325165,0.3051332,0,0,0,0,0,
December,0.0001882295,0.09098608,0.2353027,0.03601313,0.4349456,1.83484,1.251055,0.5526313,0.2334218,0.09752215,0.01893923,0.2837068,0.297488,0.002082726,0.2273953,0.1325165,0.3051332,0,0,0,0,0,
2007,0.0001882295,0.09784313,0.260464,0.02633521,0.3180613,1.341758,0.914855,0.4041209,0.1706936,0.07131471,0.01893923,0.2136858,0.3217904,0.002508703,0.2822385,0.02065576,0.3163479,0,0,0,0,0,
February,0.0001882295,0.09784313,0.260464,0.02633521,0.3180613,1.341758,0.914855,0.4041209,0.1706936,0.07131471,0.01893923,0.2136858,0.3217904,0.002508703,0.2822385,0.02065576,0.3163479,0,0,0,0,0,
March,0.0001882295,0.09784313,0.260464,0.02633521,0.3180613,1.341758,0.914855,0.4041209,0.1706936,0.07131471,0.01893923,0.2136858,0.3217904,0.002508703,0.2822385,0.02065576,0.3163479,0,0,0,0,0,
April,0.0001882295,0.09784313,0.260464,0.02633521,0.3180613,1.341758,0.914855,0.4041209,0.1706936,0.07131471,0.01893923,0.2136858,0.3217904,0.002508703,0.2822385,0.02065576,0.3163479,0,0,0,0,0,
May,0.0001882295,0.09784313,0.260464,0.02633521,0.3180613,1.341758,0.914855,0.4041209,0.1706936,0.07131471,0.01893923,0.2136858,0.3217904,0.002508703,0.2822385,0.02065576,0.3163479,0,0,0,0,0,
June,0.0001882295,0.09784313,0.260464,0.02633521,0.3180613,1.341758,0.914855,0.4041209,0.1706936,0.07131471,0.01893923,0.2136858,0.3217904,0.002508703,0.2822385,0.02065576,0.3163479,0,0,0,0,0,
July,0.0001882295,0.09784313,0.260464,0.02633521,0.3180613,1.341758,0.914855,0.4041209,0.1706936,0.07131471,0.01893923,0.2136858,0.3217904,0.002508703,0.2822385,0.02065576,0.3163479,0,0,0,0,0,
August,0.0001882295,0.09784313,0.260464,0.02633521,0.3180613,1.341758,0.914855,0.4041209,0.1706936,0.07131471,0.01893923,0.2136858,0.3217904,0.002508703,0.2822385,0.02065576,0.3163479,0,0,0,0,0,
September,0.0001882295,0.09784313,0.260464,0.02633521,0.3180613,1.341758,0.914855,0.4041209,0.1706936,0.07131471,0.01893923,0.2136858,0.3217904,0.002508703,0.2822385,0.02065576,0.3163479,0,0,0,0,0,
October,0.0001882295,0.09784313,0.260464,0.02633521,0.3180613,1.341758,0.914855,0.4041209,0.1706936,0.07131471,0.01893923,0.2136858,0.3217904,0.002508703,0.2822385,0.02065576,0.3163479,0,0,0,0,0,
November,0.0001882295,0.09784313,0.260464,0.02633521,0.3180613,1.341758,0.914855,0.4041209,0.1706936,0.07131471,0.01893923,0.2136858,0.3217904,0.002508703,0.2822385,0.02065576,0.3163479,0,0,0,0,0,
December,0.0001882295,0.09784313,0.260464,0.02633521,0.3180613,1.341758,0.914855,0.4041209,0.1706936,0.07131471,0.01893923,0.2136858,0.3217904,0.002508703,0.2822385,0.02065576,0.3163479,0,0,0,0,0,
2008,0.0001882295,0.09307849,0.2607867,0.0211969,0.2560038,1.079965,0.7363561,0.3252722,0.1373893,0.05740038,0.01893923,0.176471,0.3155697,0.003836518,0.1789235,0.0288445,0.3065359,0,0,0,0,0,
February,0.0001882295,0.09307849,0.2607867,0.0211969,0.2560038,1.079965,0.7363561,0.3252722,0.1373893,0.05740038,0.01893923,0.176471,0.3155697,0.003836518,0.1789235,0.0288445,0.3065359,0,0,0,0,0,
March,0.0001882295,0.09307849,0.2607867,0.0211969,0.2560038,1.079965,0.7363561,0.3252722,0.1373893,0.05740038,0.01893923,0.176471,0.3155697,0.003836518,0.1789235,0.0288445,0.3065359,0,0,0,0,0,
April,0.0001882295,0.09307849,0.2607867,0.0211969,0.2560038,1.079965,0.7363561,0.3252722,0.1373893,0.05740038,0.01893923,0.176471,0.3155697,0.003836518,0.1789235,0.0288445,0.3065359,0,0,0,0,0,
May,0.0001882295,0.09307849,0.2607867,0.0211969,0.2560038,1.079965,0.7363561,0.3252722,0.1373893,0.05740038,0.01893923,0.176471,0.3155697,0.003836518,0.1789235,0.0288445,0.3065359,0,0,0,0,0,
June,0.0001882295,0.09307849,0.2607867,0.0211969,0.2560038,1.079965,0.7363561,0.3252722,0.1373893,0.05740038,0.01893923,0.176471,0.3155697,0.003836518,0.1789235,0.0288445,0.3065359,0,0,0,0,0,
July,0.0001882295,0.09307849,0.2607867,0.0211969,0.2560038,1.079965,0.7363561,0.3252722,0.1373893,0.05740038,0.01893923,0.176471,0.3155697,0.003836518,0.1789235,0.0288445,0.3065359,0,0,0,0,0,
August,0.0001882295,0.09307849,0.2607867,0.0211969,0.2560038,1.079965,0.7363561,0.3252722,0.1373893,0.05740038,0.01893923,0.176471,0.3155697,0.003836518,0.1789235,0.0288445,0.3065359,0,0,0,0,0,
September,0.0001882295,0.09307849,0.2607867,0.0211969,0.2560038,1.079965,0.7363561,0.3252722,0.1373893,0.05740038,0.01893923,0.176471,0.3155697,0.003836518,0.1789235,0.0288445,0.3065359,0,0,0,0,0,
October,0.0001882295,0.09307849,0.2607867,0.0211969,0.2560038,1.079965,0.7363561,0.3252722,0.1373893,0.05740038,0.01893923,0.176471,0.3155697,0.003836518,0.1789235,0.0288445,0.3065359,0,0,0,0,0,
November,0.0001882295,0.09307849,0.2607867,0.0211969,0.2560038,1.079965,0.7363561,0.3252722,0.1373893,0.05740038,0.01893923,0.176471,0.3155697,0.003836518,0.1789235,0.0288445,0.3065359,0,0,0,0,0,
December,0.0001882295,0.09307849,0.2607867,0.0211969,0.2560038,1.079965,0.7363561,0.3252722,0.1373893,0.05740038,0.01893923,0.176471,0.3155697,0.003836518,0.1789235,0.0288445,0.3065359,0,0,0,0,0,
2009,0.0001882295,0.1063816,0.2998267,0.01832164,0.2212781,0.933473,0.6364728,0.2811505,0.1187531,0.04961429,0.01893923,0.1302311,0.297648,0.000855681,0.1840684,0.002797555,0.4384798,0,0,0,0,0,
February,0.0001882295,0.1063816,0.2998267,0.01832164,0.2212781,0.933473,0.6364728,0.2811505,0.1187531,0.04961429,0.01893923,0.1302311,0.297648,0.000855681,0.1840684,0.002797555,0.4384798,0,0,0,0,0,
March,0.0001882295,0.1063816,0.2998267,0.01832164,0.2212781,0.933473,0.6364728,0.2811505,0.1187531,0.04961429,0.01893923,0.1302311,0.297648,0.000855681,0.1840684,0.002797555,0.4384798,0,0,0,0,0,
April,0.0001882295,0.1063816,0.2998267,0.01832164,0.2212781,0.933473,0.6364728,0.2811505,0.1187531,0.04961429,0.01893923,0.1302311,0.297648,0.000855681,0.1840684,0.002797555,0.4384798,0,0,0,0,0,
May,0.0001882295,0.1063816,0.2998267,0.01832164,0.2212781,0.933473,0.6364728,0.2811505,0.1187531,0.04961429,0.01893923,0.1302311,0.297648,0.000855681,0.1840684,0.002797555,0.4384798,0,0,0,0,0,
June,0.0001882295,0.1063816,0.2998267,0.01832164,0.2212781,0.933473,0.6364728,0.2811505,0.1187531,0.04961429,0.01893923,0.1302311,0.297648,0.000855681,0.1840684,0.002797555,0.4384798,0,0,0,0,0,
July,0.0001882295,0.1063816,0.2998267,0.01832164,0.2212781,0.933473,0.6364728,0.2811505,0.1187531,0.04961429,0.01893923,0.1302311,0.297648,0.000855681,0.1840684,0.002797555,0.4384798,0,0,0,0,0,
August,0.0001882295,0.1063816,0.2998267,0.01832164,0.2212781,0.933473,0.6364728,0.2811505,0.1187531,0.04961429,0.01893923,0.1302311,0.297648,0.000855681,0.1840684,0.002797555,0.4384798,0,0,0,0,0,
September,0.0001882295,0.1063816,0.2998267,0.01832164,0.2212781,0.933473,0.6364728,0.2811505,0.1187531,0.04961429,0.01893923,0.1302311,0.297648,0.000855681,0.1840684,0.002797555,0.4384798,0,0,0,0,0,
October,0.0001882295,0.1063816,0.2998267,0.01832164,0.2212781,0.933473,0.6364728,0.2811505,0.1187531,0.04961429,0.01893923,0.1302311,0.297648,0.000855681,0.1840684,0.002797555,0.4384798,0,0,0,0,0,
November,0.0001882295,0.1063816,0.2998267,0.01832164,0.2212781,0.933473,0.6364728,0.2811505,0.1187531,0.04961429,0.01893923,0.1302311,0.297648,0.000855681,0.1840684,0.002797555,0.4384798,0,0,0,0,0,
December,0.0001882295,0.1063816,0.2998267,0.01832164,0.2212781,0.933473,0.6364728,0.2811505,0.1187531,0.04961429,0.01893923,0.1302311,0.297648,0.000855681,0.1840684,0.002797555,0.4384798,0,0,0,0,0,
2010,0.0001882295,0.09241658,0.2327316,0.01424368,0.1720268,0.725704,0.494809,0.2185731,0.09232146,0.03857132,0.01893923,0.2745941,0.3485083,0.001616137,0.06981389,0,0.2266148,0,0,0,0,0,
February,0.0001882295,0.09241658,0.2327316,0.01424368,0.1720268,0.725704,0.494809,0.2185731,0.09232146,0.03857132,0.01893923,0.2745941,0.3485083,0.001616137,0.06981389,0,0.2266148,0,0,0,0,0,
March,0.0001882295,0.09241658,0.2327316,0.01424368,0.1720268,0.725704,0.494809,0.2185731,0.09232146,0.03857132,0.01893923,0.2745941,0.3485083,0.001616137,0.06981389,0,0.2266148,0,0,0,0,0,
April,0.0001882295,0.09241658,0.2327316,0.01424368,0.1720268,0.725704,0.494809,0.2185731,0.09232146,0.03857132,0.01893923,0.2745941,0.3485083,0.001616137,0.06981389,0,0.2266148,0,0,0,0,0,
May,0.0001882295,0.09241658,0.2327316,0.01424368,0.1720268,0.725704,0.494809,0.2185731,0.09232146,0.03857132,0.01893923,0.2745941,0.3485083,0.001616137,0.06981389,0,0.2266148,0,0,0,0,0,
June,0.0001882295,0.09241658,0.2327316,0.01424368,0.1720268,0.725704,0.494809,0.2185731,0.09232146,0.03857132,0.01893923,0.2745941,0.3485083,0.001616137,0.06981389,0,0.2266148,0,0,0,0,0,
July,0.0001882295,0.09241658,0.2327316,0.01424368,0.1720268,0.725704,0.494809,0.2185731,0.09232146,0.03857132,0.01893923,0.2745941,0.3485083,0.001616137,0.06981389,0,0.2266148,0,0,0,0,0,
August,0.0001882295,0.09241658,0.2327316,0.01424368,0.1720268,0.725704,0.494809,0.2185731,0.09232146,0.03857132,0.01893923,0.2745941,0.3485083,0.001616137,0.06981389,0,0.2266148,0,0,0,0,0,
September,0.0001882295,0.09241658,0.2327316,0.01424368,0.1720268,0.725704,0.494809,0.2185731,0.09232146,0.03857132,0.01893923,0.2745941,0.3485083,0.001616137,0.06981389,0,0.2266148,0,0,0,0,0,
October,0.0001882295,0.09241658,0.2327316,0.01424368,0.1720268,0.725704,0.494809,0.2185731,0.09232146,0.03857132,0.01893923,0.2745941,0.3485083,0.001616137,0.06981389,0,0.2266148,0,0,0,0,0,
November,0.0001882295,0.09241658,0.2327316,0.01424368,0.1720268,0.725704,0.494809,0.2185731,0.09232146,0.03857132,0.01893923,0.2745941,0.3485083,0.001616137,0.06981389,0,0.2266148,0,0,0,0,0,
December,0.0001882295,0.09241658,0.2327316,0.01424368,0.1720268,0.725704,0.494809,0.2185731,0.09232146,0.03857132,0.01893923,0.2745941,0.3485083,0.001616137,0.06981389,0,0.2266148,0,0,0,0,0,
2011,0.0001882295,0.1137592,0.2403182,0.009991594,0.1206726,0.5090637,0.3470965,0.1533237,0.06476125,0.02705684,0.01893923,0.3607219,0.2976856,0.001444466,0.03571984,0.02315651,0.2459309,0,0,0,0,0,
February,0.0001882295,0.1137592,0.2403182,0.009991594,0.1206726,0.5090637,0.3470965,0.1533237,0.06476125,0.02705684,0.01893923,0.3607219,0.2976856,0.001444466,0.03571984,0.02315651,0.2459309,0,0,0,0,0,
March,0.0001882295,0.1137592,0.2403182,0.009991594,0.1206726,0.5090637,0.3470965,0.1533237,0.06476125,0.02705684,0.01893923,0.3607219,0.2976856,0.001444466,0.03571984,0.02315651,0.2459309,0,0,0,0,0,
April,0.0001882295,0.1137592,0.2403182,0.009991594,0.1206726,0.5090637,0.3470965,0.1533237,0.06476125,0.02705684,0.01893923,0.3607219,0.2976856,0.001444466,0.03571984,0.02315651,0.2459309,0,0,0,0,0,
May,0.0001882295,0.1137592,0.2403182,0.009991594,0.1206726,0.5090637,0.3470965,0.1533237,0.06476125,0.02705684,0.01893923,0.3607219,0.2976856,0.001444466,0.03571984,0.02315651,0.2459309,0,0,0,0,0,
June,0.0001882295,0.1137592,0.2403182,0.009991594,0.1206726,0.5090637,0.3470965,0.1533237,0.06476125,0.02705684,0.01893923,0.3607219,0.2976856,0.001444466,0.03571984,0.02315651,0.2459309,0,0,0,0,0,
July,0.0001882295,0.1137592,0.2403182,0.009991594,0.1206726,0.5090637,0.3470965,0.1533237,0.06476125,0.02705684,0.01893923,0.3607219,0.2976856,0.001444466,0.03571984,0.02315651,0.2459309,0,0,0,0,0,
August,0.0001882295,0.1137592,0.2403182,0.009991594,0.1206726,0.5090637,0.3470965,0.1533237,0.06476125,0.02705684,0.01893923,0.3607219,0.2976856,0.001444466,0.03571984,0.02315651,0.2459309,0,0,0,0,0,
September,0.0001882295,0.1137592,0.2403182,0.009991594,0.1206726,0.5090637,0.3470965,0.1533237,0.06476125,0.02705684,0.01893923,0.3607219,0.2976856,0.001444466,0.03571984,0.02315651,0.2459309,0,0,0,0,0,
October,0.0001882295,0.1137592,0.2403182,0.009991594,0.1206726,0.5090637,0.3470965,0.1533237,0.06476125,0.02705684,0.01893923,0.3607219,0.2976856,0.001444466,0.03571984,0.02315651,0.2459309,0,0,0,0,0,
November,0.0001882295,0.1137592,0.2403182,0.009991594,0.1206726,0.5090637,0.3470965,0.1533237,0.06476125,0.02705684,0.01893923,0.3607219,0.2976856,0.001444466,0.03571984,0.02315651,0.2459309,0,0,0,0,0,
December,0.0001882295,0.1137592,0.2403182,0.009991594,0.1206726,0.5090637,0.3470965,0.1533237,0.06476125,0.02705684,0.01893923,0.3607219,0.2976856,0.001444466,0.03571984,0.02315651,0.2459309,0,0,0,0,0,
2012,0.0001882295,0.09272111,0.226489,0.01414159,0.1707939,0.7205027,0.4912626,0.2170065,0.09165976,0.03829487,0.01893923,0.5163862,0.2618054,0.003252691,0.1102371,0.004974755,0.2604871,0,0,0,0,0,
February,0.0001882295,0.09272111,0.226489,0.01414159,0.1707939,0.7205027,0.4912626,0.2170065,0.09165976,0.03829487,0.01893923,0.5163862,0.2618054,0.003252691,0.1102371,0.004974755,0.2604871,0,0,0,0,0,
March,0.0001882295,0.09272111,0.226489,0.01414159,0.1707939,0.7205027,0.4912626,0.2170065,0.09165976,0.03829487,0.01893923,0.5163862,0.2618054,0.003252691,0.1102371,0.004974755,0.2604871,0,0,0,0,0,
April,0.0001882295,0.09272111,0.226489,0.01414159,0.1707939,0.7205027,0.4912626,0.2170065,0.09165976,0.03829487,0.01893923,0.5163862,0.2618054,0.003252691,0.1102371,0.004974755,0.2604871,0,0,0,0,0,
May,0.0001882295,0.09272111,0.226489,0.01414159,0.1707939,0.7205027,0.4912626,0.2170065,0.09165976,0.03829487,0.01893923,0.5163862,0.2618054,0.003252691,0.1102371,0.004974755,0.2604871,0,0,0,0,0,
June,0.0001882295,0.09272111,0.226489,0.01414159,0.1707939,0.7205027,0.4912626,0.2170065,0.09165976,0.03829487,0.01893923,0.5163862,0.2618054,0.003252691,0.1102371,0.004974755,0.2604871,0,0,0,0,0,
July,0.0001882295,0.09272111,0.226489,0.01414159,0.1707939,0.7205027,0.4912626,0.2170065,0.09165976,0.03829487,0.01893923,0.5163862,0.2618054,0.003252691,0.1102371,0.004974755,0.2604871,0,0,0,0,0,
August,0.0001882295,0.09272111,0.226489,0.01414159,0.1707939,0.7205027,0.4912626,0.2170065,0.09165976,0.03829487,0.01893923,0.5163862,0.2618054,0.003252691,0.1102371,0.004974755,0.2604871,0,0,0,0,0,
September,0.0001882295,0.09272111,0.226489,0.01414159,0.1707939,0.7205027,0.4912626,0.2170065,0.09165976,0.03829487,0.01893923,0.5163862,0.2618054,0.003252691,0.1102371,0.004974755,0.2604871,0,0,0,0,0,
October,0.0001882295,0.09272111,0.226489,0.01414159,0.1707939,0.7205027,0.4912626,0.2170065,0.09165976,0.03829487,0.01893923,0.5163862,0.2618054,0.003252691,0.1102371,0.004974755,0.2604871,0,0,0,0,0,
November,0.0001882295,0.09272111,0.226489,0.01414159,0.1707939,0.7205027,0.4912626,0.2170065,0.09165976,0.03829487,0.01893923,0.5163862,0.2618054,0.003252691,0.1102371,0.004974755,0.2604871,0,0,0,0,0,
December,0.0001882295,0.09272111,0.226489,0.01414159,0.1707939,0.7205027,0.4912626,0.2170065,0.09165976,0.03829487,0.01893923,0.5163862,0.2618054,0.003252691,0.1102371,0.004974755,0.2604871,0,0,0,0,0,
2013,0.0001882295,0.09834218,0.2640274,0.009198082,0.1110891,0.4686349,0.3195308,0.1411471,0.05961805,0.02490805,0.01893923,0.4766334,0.2204682,0.000831624,0.09918614,0.0758561,0.2398002,0,0,0,0,0,
February,0.0001882295,0.09834218,0.2640274,0.009198082,0.1110891,0.4686349,0.3195308,0.1411471,0.05961805,0.02490805,0.01893923,0.4766334,0.2204682,0.000831624,0.09918614,0.0758561,0.2398002,0,0,0,0,0,
March,0.0001882295,0.09834218,0.2640274,0.009198082,0.1110891,0.4686349,0.3195308,0.1411471,0.05961805,0.02490805,0.01893923,0.4766334,0.2204682,0.000831624,0.09918614,0.0758561,0.2398002,0,0,0,0,0,
April,0.0001882295,0.09834218,0.2640274,0.009198082,0.1110891,0.4686349,0.3195308,0.1411471,0.05961805,0.02490805,0.01893923,0.4766334,0.2204682,0.000831624,0.09918614,0.0758561,0.2398002,0,0,0,0,0,
May,0.0001882295,0.09834218,0.2640274,0.009198082,0.1110891,0.4686349,0.3195308,0.1411471,0.05961805,0.02490805,0.01893923,0.4766334,0.2204682,0.000831624,0.09918614,0.0758561,0.2398002,0,0,0,0,0,
June,0.0001882295,0.09834218,0.2640274,0.009198082,0.1110891,0.4686349,0.3195308,0.1411471,0.05961805,0.02490805,0.01893923,0.4766334,0.2204682,0.000831624,0.09918614,0.0758561,0.2398002,0,0,0,0,0,
July,0.0001882295,0.09834218,0.2640274,0.009198082,0.1110891,0.4686349,0.3195308,0.1411471,0.05961805,0.02490805,0.01893923,0.4766334,0.2204682,0.000831624,0.09918614,0.0758561,0.2398002,0,0,0,0,0,
August,0.0001882295,0.09834218,0.2640274,0.009198082,0.1110891,0.4686349,0.3195308,0.1411471,0.05961805,0.02490805,0.01893923,0.4766334,0.2204682,0.000831624,0.09918614,0.0758561,0.2398002,0,0,0,0,0,
September,0.0001882295,0.09834218,0.2640274,0.009198082,0.1110891,0.4686349,0.3195308,0.1411471,0.05961805,0.02490805,0.01893923,0.4766334,0.2204682,0.000831624,0.09918614,0.0758561,0.2398002,0,0,0,0,0,
October,0.0001882295,0.09834218,0.2640274,0.009198082,0.1110891,0.4686349,0.3195308,0.1411471,0.05961805,0.02490805,0.01893923,0.4766334,0.2204682,0.000831624,0.09918614,0.0758561,0.2398002,0,0,0,0,0,
November,0.0001882295,0.09834218,0.2640274,0.009198082,0.1110891,0.4686349,0.3195308,0.1411471,0.05961805,0.02490805,0.01893923,0.4766334,0.2204682,0.000831624,0.09918614,0.0758561,0.2398002,0,0,0,0,0,
December,0.0001882295,0.09834218,0.2640274,0.009198082,0.1110891,0.4686349,0.3195308,0.1411471,0.05961805,0.02490805,0.01893923,0.4766334,0.2204682,0.000831624,0.09918614,0.0758561,0.2398002,0,0,0,0,0,
2014,0.0001882295,0.09869326,0.2699433,0.008512606,0.1028103,0.4337104,0.2957181,0.1306282,0.05517508,0.0230518,0.01893923,0.5374373,0.1890455,0.000891222,0.0557707,0.03618021,0.2377926,0,0,0,0,0,
February,0.0001882295,0.09869326,0.2699433,0.008512606,0.1028103,0.4337104,0.2957181,0.1306282,0.05517508,0.0230518,0.01893923,0.5374373,0.1890455,0.000891222,0.0557707,0.03618021,0.2377926,0,0,0,0,0,
March,0.0001882295,0.09869326,0.2699433,0.008512606,0.1028103,0.4337104,0.2957181,0.1306282,0.05517508,0.0230518,0.01893923,0.5374373,0.1890455,0.000891222,0.0557707,0.03618021,0.2377926,0,0,0,0,0,
April,0.0001882295,0.09869326,0.2699433,0.008512606,0.1028103,0.4337104,0.2957181,0.1306282,0.05517508,0.0230518,0.01893923,0.5374373,0.1890455,0.000891222,0.0557707,0.03618021,0.2377926,0,0,0,0,0,
May,0.0001882295,0.09869326,0.2699433,0.008512606,0.1028103,0.4337104,0.2957181,0.1306282,0.05517508,0.0230518,0.01893923,0.5374373,0.1890455,0.000891222,0.0557707,0.03618021,0.2377926,0,0,0,0,0,
June,0.0001882295,0.09869326,0.2699433,0.008512606,0.1028103,0.4337104,0.2957181,0.1306282,0.05517508,0.0230518,0.01893923,0.5374373,0.1890455,0.000891222,0.0557707,0.03618021,0.2377926,0,0,0,0,0,
July,0.0001882295,0.09869326,0.2699433,0.008512606,0.1028103,0.4337104,0.2957181,0.1306282,0.05517508,0.0230518,0.01893923,0.5374373,0.1890455,0.000891222,0.0557707,0.03618021,0.2377926,0,0,0,0,0,
August,0.0001882295,0.09869326,0.2699433,0.008512606,0.1028103,0.4337104,0.2957181,0.1306282,0.05517508,0.0230518,0.01893923,0.5374373,0.1890455,0.000891222,0.0557707,0.03618021,0.2377926,0,0,0,0,0,
September,0.0001882295,0.09869326,0.2699433,0.008512606,0.1028103,0.4337104,0.2957181,0.1306282,0.05517508,0.0230518,0.01893923,0.5374373,0.1890455,0.000891222,0.0557707,0.03618021,0.2377926,0,0,0,0,0,
October,0.0001882295,0.09869326,0.2699433,0.008512606,0.1028103,0.4337104,0.2957181,0.1306282,0.05517508,0.0230518,0.01893923,0.5374373,0.1890455,0.000891222,0.0557707,0.03618021,0.2377926,0,0,0,0,0,
November,0.0001882295,0.09869326,0.2699433,0.008512606,0.1028103,0.4337104,0.2957181,0.1306282,0.05517508,0.0230518,0.01893923,0.5374373,0.1890455,0.000891222,0.0557707,0.03618021,0.2377926,0,0,0,0,0,
December,0.0001882295,0.09869326,0.2699433,0.008512606,0.1028103,0.4337104,0.2957181,0.1306282,0.05517508,0.0230518,0.01893923,0.5374373,0.1890455,0.000891222,0.0557707,0.03618021,0.2377926,0,0,0,0,0,
2015,0.0001882295,0.1042313,0.2835286,0.006034526,0.07288148,0.3074543,0.2096325,0.09260143,0.03911323,0.01634126,0.01893923,0.2656345,0.2647868,0.00391347,0.07953631,0.003311629,0.230566,0,0,0,0,0,
February,0.0001882295,0.1042313,0.2835286,0.006034526,0.07288148,0.3074543,0.2096325,0.09260143,0.03911323,0.01634126,0.01893923,0.2656345,0.2647868,0.00391347,0.07953631,0.003311629,0.230566,0,0,0,0,0,
March,0.0001882295,0.1042313,0.2835286,0.006034526,0.07288148,0.3074543,0.2096325,0.09260143,0.03911323,0.01634126,0.01893923,0.2656345,0.2647868,0.00391347,0.07953631,0.003311629,0.230566,0,0,0,0,0,
April,0.0001882295,0.1042313,0.2835286,0.006034526,0.07288148,0.3074543,0.2096325,0.09260143,0.03911323,0.01634126,0.01893923,0.2656345,0.2647868,0.00391347,0.07953631,0.003311629,0.230566,0,0,0,0,0,
May,0.0001882295,0.1042313,0.2835286,0.006034526,0.07288148,0.3074543,0.2096325,0.09260143,0.03911323,0.01634126,0.01893923,0.2656345,0.2647868,0.00391347,0.07953631,0.003311629,0.230566,0,0,0,0,0,
June,0.0001882295,0.1042313,0.2835286,0.006034526,0.07288148,0.3074543,0.2096325,0.09260143,0.03911323,0.01634126,0.01893923,0.2656345,0.2647868,0.00391347,0.07953631,0.003311629,0.230566,0,0,0,0,0,
July,0.0001882295,0.1042313,0.2835286,0.006034526,0.07288148,0.3074543,0.2096325,0.09260143,0.03911323,0.01634126,0.01893923,0.2656345,0.2647868,0.00391347,0.07953631,0.003311629,0.230566,0,0,0,0,0,
August,0.0001882295,0.1042313,0.2835286,0.006034526,0.07288148,0.3074543,0.2096325,0.09260143,0.03911323,0.01634126,0.01893923,0.2656345,0.2647868,0.00391347,0.07953631,0.003311629,0.230566,0,0,0,0,0,
September,0.0001882295,0.1042313,0.2835286,0.006034526,0.07288148,0.3074543,0.2096325,0.09260143,0.03911323,0.01634126,0.01893923,0.2656345,0.2647868,0.00391347,0.07953631,0.003311629,0.230566,0,0,0,0,0,
October,0.0001882295,0.1042313,0.2835286,0.006034526,0.07288148,0.3074543,0.2096325,0.09260143,0.03911323,0.01634126,0.01893923,0.2656345,0.2647868,0.00391347,0.07953631,0.003311629,0.230566,0,0,0,0,0,
November,0.0001882295,0.1042313,0.2835286,0.006034526,0.07288148,0.3074543,0.2096325,0.09260143,0.03911323,0.01634126,0.01893923,0.2656345,0.2647868,0.00391347,0.07953631,0.003311629,0.230566,0,0,0,0,0,
December,0.0001882295,0.1042313,0.2835286,0.006034526,0.07288148,0.3074543,0.2096325,0.09260143,0.03911323,0.01634126,0.01893923,0.2656345,0.2647868,0.00391347,0.07953631,0.003311629,0.230566,0,0,0,0,0,
2016,0.0001882295,0.1130439,0.3589694,0.003901752,0.04712308,0.1987911,0.1355424,0.05987344,0.02528949,0.01056579,0.01893923,0.5299085,0.1894206,0.001346438,0.0589195,0.024697,0.2574918,0,0,0,0,0,
February,0.0001882295,0.1130439,0.3589694,0.003901752,0.04712308,0.1987911,0.1355424,0.05987344,0.02528949,0.01056579,0.01893923,0.5299085,0.1894206,0.001346438,0.0589195,0.024697,0.2574918,0,0,0,0,0,
March,0.0001882295,0.1130439,0.3589694,0.003901752,0.04712308,0.1987911,0.1355424,0.05987344,0.02528949,0.01056579,0.01893923,0.5299085,0.1894206,0.001346438,0.0589195,0.024697,0.2574918,0,0,0,0,0,
April,0.0001882295,0.1130439,0.3589694,0.003901752,0.04712308,0.1987911,0.1355424,0.05987344,0.02528949,0.01056579,0.01893923,0.5299085,0.1894206,0.001346438,0.0589195,0.024697,0.2574918,0,0,0,0,0,
May,0.0001882295,0.1130439,0.3589694,0.003901752,0.04712308,0.1987911,0.1355424,0.05987344,0.02528949,0.01056579,0.01893923,0.5299085,0.1894206,0.001346438,0.0589195,0.024697,0.2574918,0,0,0,0,0,
June,0.0001882295,0.1130439,0.3589694,0.003901752,0.04712308,0.1987911,0.1355424,0.05987344,0.02528949,0.01056579,0.01893923,0.5299085,0.1894206,0.001346438,0.0589195,0.024697,0.2574918,0,0,0,0,0,
July,0.0001882295,0.1130439,0.3589694,0.003901752,0.04712308,0.1987911,0.1355424,0.05987344,0.02528949,0.01056579,0.01893923,0.5299085,0.1894206,0.001346438,0.0589195,0.024697,0.2574918,0,0,0,0,0,
August,0.0001882295,0.1130439,0.3589694,0.003901752,0.04712308,0.1987911,0.1355424,0.05987344,0.02528949,0.01056579,0.01893923,0.5299085,0.1894206,0.001346438,0.0589195,0.024697,0.2574918,0,0,0,0,0,
September,0.0001882295,0.1130439,0.3589694,0.003901752,0.04712308,0.1987911,0.1355424,0.05987344,0.02528949,0.01056579,0.01893923,0.5299085,0.1894206,0.001346438,0.0589195,0.024697,0.2574918,0,0,0,0,0,
October,0.0001882295,0.1130439,0.3589694,0.003901752,0.04712308,0.1987911,0.1355424,0.05987344,0.02528949,0.01056579,0.01893923,0.5299085,0.1894206,0.001346438,0.0589195,0.024697,0.2574918,0,0,0,0,0,
November,0.0001882295,0.1130439,0.3589694,0.003901752,0.04712308,0.1987911,0.1355424,0.05987344,0.02528949,0.01056579,0.01893923,0.5299085,0.1894206,0.001346438,0.0589195,0.024697,0.2574918,0,0,0,0,0,
December,0.0001882295,0.1130439,0.3589694,0.003901752,0.04712308,0.1987911,0.1355424,0.05987344,0.02528949,0.01056579,0.01893923,0.5299085,0.1894206,0.001346438,0.0589195,0.024697,0.2574918,0,0,0,0,0,
2017,0.0001882295,0.1107925,0.2942654,0.004629002,0.05590638,0.2358439,0.1608062,0.07103328,0.03000322,0.01253515,0.01893923,0.6488021,0.3836895,0.001539058,0.06880698,0.03944127,0.2834153,0,0,0,0,0,
February,0.0001882295,0.1107925,0.2942654,0.004629002,0.05590638,0.2358439,0.1608062,0.07103328,0.03000322,0.01253515,0.01893923,0.6488021,0.3836895,0.001539058,0.06880698,0.03944127,0.2834153,0,0,0,0,0,
March,0.0001882295,0.1107925,0.2942654,0.004629002,0.05590638,0.2358439,0.1608062,0.07103328,0.03000322,0.01253515,0.01893923,0.6488021,0.3836895,0.001539058,0.06880698,0.03944127,0.2834153,0,0,0,0,0,
April,0.0001882295,0.1107925,0.2942654,0.004629002,0.05590638,0.2358439,0.1608062,0.07103328,0.03000322,0.01253515,0.01893923,0.6488021,0.3836895,0.001539058,0.06880698,0.03944127,0.2834153,0,0,0,0,0,
May,0.0001882295,0.1107925,0.2942654,0.004629002,0.05590638,0.2358439,0.1608062,0.07103328,0.03000322,0.01253515,0.01893923,0.6488021,0.3836895,0.001539058,0.06880698,0.03944127,0.2834153,0,0,0,0,0,
June,0.0001882295,0.1107925,0.2942654,0.004629002,0.05590638,0.2358439,0.1608062,0.07103328,0.03000322,0.01253515,0.01893923,0.6488021,0.3836895,0.001539058,0.06880698,0.03944127,0.2834153,0,0,0,0,0,
July,0.0001882295,0.1107925,0.2942654,0.004629002,0.05590638,0.2358439,0.1608062,0.07103328,0.03000322,0.01253515,0.01893923,0.6488021,0.3836895,0.001539058,0.06880698,0.03944127,0.2834153,0,0,0,0,0,
August,0.0001882295,0.1107925,0.2942654,0.004629002,0.05590638,0.2358439,0.1608062,0.07103328,0.03000322,0.01253515,0.01893923,0.6488021,0.3836895,0.001539058,0.06880698,0.03944127,0.2834153,0,0,0,0,0,
September,0.0001882295,0.1107925,0.2942654,0.004629002,0.05590638,0.2358439,0.1608062,0.07103328,0.03000322,0.01253515,0.01893923,0.6488021,0.3836895,0.001539058,0.06880698,0.03944127,0.2834153,0,0,0,0,0,
October,0.0001882295,0.1107925,0.2942654,0.004629002,0.05590638,0.2358439,0.1608062,0.07103328,0.03000322,0.01253515,0.01893923,0.6488021,0.3836895,0.001539058,0.06880698,0.03944127,0.2834153,0,0,0,0,0,
November,0.0001882295,0.1107925,0.2942654,0.004629002,0.05590638,0.2358439,0.1608062,0.07103328,0.03000322,0.01253515,0.01893923,0.6488021,0.3836895,0.001539058,0.06880698,0.03944127,0.2834153,0,0,0,0,0,
December,0.0001882295,0.1107925,0.2942654,0.004629002,0.05590638,0.2358439,0.1608062,0.07103328,0.03000322,0.01253515,0.01893923,0.6488021,0.3836895,0.001539058,0.06880698,0.03944127,0.2834153,0,0,0,0,0,
,,,,,,,,,,,,,,,,,,,,,,,
